#format: frame checksums
#version: 2
#hash: MD5
#software: Lavf61.7.100
#tb 0: 1/60
#media_type 0: video
#codec_id 0: rawvideo
#dimensions 0: 1080x1920
#sar 0: 1/1
#stream#, dts,        pts, duration,     size, hash
0,          0,          0,        1,  6220800, b762fb183214e1989fc049a4841332da
0,          1,          1,        1,  6220800, c9d6a5853893644f2925dcc4336bb504
0,          2,          2,        1,  6220800, 805c88e65eb7d930534d9875e35ed741
0,          3,          3,        1,  6220800, 57d72a218001ac84bd47ba8501cd9f93
0,          4,          4,        1,  6220800, 92fd0ffd6e34a2bec99d8cc0c57232d1
0,          5,          5,        1,  6220800, e73b7ad3626399ce22c19d986bd6c6d3
0,          6,          6,        1,  6220800, 147f090883bd37cd65846fdbb0a5062b
0,          7,          7,        1,  6220800, aea875115201add970b52d29af3a928a
0,          8,          8,        1,  6220800, a84511f6bc2e37c8d20e31ca0ec771c6
0,          9,          9,        1,  6220800, e68aa67c5b1d39edd771a0b38c0a5203
0,         10,         10,        1,  6220800, e833986e5de127f28e28f9033f0ca0db
0,         11,         11,        1,  6220800, be1782536b7ebdd3b13532de922503f8
0,         12,         12,        1,  6220800, 8bdd34718537bd6ac6a74a956cf56109
0,         13,         13,        1,  6220800, 70aff6d32b90014a08ad1da124599d62
0,         14,         14,        1,  6220800, cf504539958decf997ae389bbad1c124
0,         15,         15,        1,  6220800, 79b8de575149f73240de70a8fb8091d8
0,         16,         16,        1,  6220800, f315228149899635782d2b4d88000ab8
0,         17,         17,        1,  6220800, 33fd89e9ea80a2788b462d896f2891cb
0,         18,         18,        1,  6220800, b0f4a187396c6e3ce4c3ca7f63b94f5f
0,         19,         19,        1,  6220800, d5167add43fdd53eeac80bfbdec843dc
0,         20,         20,        1,  6220800, 64dc2808ae5a214800b53ca36b87b9ef
0,         21,         21,        1,  6220800, 41e4d6dd68de497a58b764d32e03e91c
0,         22,         22,        1,  6220800, 874429449dd114ee186b200b95539e48
0,         23,         23,        1,  6220800, 67a38ec4d45cdcc0589268a1bc54d136
0,         24,         24,        1,  6220800, 79a0719e69dbc8215caf4e832f16e710
0,         25,         25,        1,  6220800, 9702b581402655266a8f24ca44815215
0,         26,         26,        1,  6220800, b3e2947f11c7c8a39b46bbac7daf3190
0,         27,         27,        1,  6220800, 7ba2b8a03207082634aa4a1684eb0769
0,         28,         28,        1,  6220800, 935c3a573b09c9635b3ef38d7c42f8a9
0,         29,         29,        1,  6220800, 29ae19ad4e7d21a88de7924da008e59a
0,         30,         30,        1,  6220800, dae2236384f64fde7ae2be61c69a0a65
0,         31,         31,        1,  6220800, 264084f590f11e8902c6dde3d7a837d0
0,         32,         32,        1,  6220800, c6713aff3b584126e62177b423a74225
0,         33,         33,        1,  6220800, c91159f5be09d0d1b28da33caf641fcf
0,         34,         34,        1,  6220800, 4c00b7a71ee55b369b5c4ea8c453ebf1
0,         35,         35,        1,  6220800, d134624aaff3c7470a2b647fe719eb79
0,         36,         36,        1,  6220800, d8d5a146f88d35ce3ce05fd3a4cb6470
0,         37,         37,        1,  6220800, 7272de3f9588b2bffd92f2801b0a131a
0,         38,         38,        1,  6220800, d7368926e1bf97b1e4d8e892a66ccd8f
0,         39,         39,        1,  6220800, d62617cd5073cc7abb70d8559dc6f856
0,         40,         40,        1,  6220800, e04ea7822fbcc9dd0d6cfc1fa60d54c0
0,         41,         41,        1,  6220800, 73848b6a9bdcfc7daeab179af0626ceb
0,         42,         42,        1,  6220800, 35ed6f5c5a200ce0f6f122bab9f2de5b
0,         43,         43,        1,  6220800, c364b878d420fa17d3ddd4e5dd583842
0,         44,         44,        1,  6220800, 2e51f8e985bec3805e75aaf3c207b1ef
0,         45,         45,        1,  6220800, 3988a1d1eecf9d1ef8e434ad71eff642
0,         46,         46,        1,  6220800, 01f32d606695b64d9aa6ebc7819333de
0,         47,         47,        1,  6220800, e349427f26ea0c94efe2424ce583fc65
0,         48,         48,        1,  6220800, 04339214e33702a1904a016c3f9724ac
0,         49,         49,        1,  6220800, b4e302d1dd2e00e7742a447e7ebd88dd
0,         50,         50,        1,  6220800, ce61ce24e6a7f6f59798e84c3dc0ace3
0,         51,         51,        1,  6220800, 74cf7fb9f5f4e845cc8c4b1c8a71b30d
0,         52,         52,        1,  6220800, e353dbeb1bcfd353977020e757dcb1fd
0,         53,         53,        1,  6220800, a0cec4735bd5c57b3eedf9f0d8a44c09
0,         54,         54,        1,  6220800, ca6003a6dda24eebdaa3f1d2668fdabb
0,         55,         55,        1,  6220800, 36edc074f0dacaac3adba3c02cb51332
0,         56,         56,        1,  6220800, 874e4c3a919bd81d03a84e38d42ace5b
0,         57,         57,        1,  6220800, 7736e936fe40389889f72d4df6203dd8
0,         58,         58,        1,  6220800, 16674338c59287eadc0183e1571bc12b
0,         59,         59,        1,  6220800, 6dfd2a4b08bffe39de936f11f3388016
0,         60,         60,        1,  6220800, ab7c358ea67ee04b4c30dc707a54de0e
0,         61,         61,        1,  6220800, d4fc3d8699dca05e42125840a6ca52d1
0,         62,         62,        1,  6220800, e560bcd5d12ee03fc0e4c7a2e3f67d86
0,         63,         63,        1,  6220800, 82613e360264675d87d927189ce168a2
0,         64,         64,        1,  6220800, 4157030942653ff4663292d0c4176283
0,         65,         65,        1,  6220800, ca6356eaa6162b788e65cd67b3848e0d
0,         66,         66,        1,  6220800, df55cc0295e28f46ebfceb60c57b4652
0,         67,         67,        1,  6220800, 0b0976563fefd9fd423150257e7c5a84
0,         68,         68,        1,  6220800, 112e1e2f9e0ada2aabb049beb5d1b031
0,         69,         69,        1,  6220800, 0b714b441a6bccfb9401598ef3dad3a4
0,         70,         70,        1,  6220800, 0a36faf33063bd7e9f124f7eabdbd942
0,         71,         71,        1,  6220800, c8a9fcd538fefc05ae24b0a7fc4fdfb0
0,         72,         72,        1,  6220800, fccfdef868a71378e64ba3b2228c0f67
0,         73,         73,        1,  6220800, 67d73c510fdcc6dab7ee8b272fd4bd60
0,         74,         74,        1,  6220800, aa00333ad92840e1a80def71215a7732
0,         75,         75,        1,  6220800, be8f4fcace67e69e0d82ee009add4a93
0,         76,         76,        1,  6220800, 6a31c057b0184577bd2c72e09a6094a7
0,         77,         77,        1,  6220800, a8da36560d85278ac73b1837987ab836
0,         78,         78,        1,  6220800, 694d8efa8935f51a052e7ce5be6fbf0b
0,         79,         79,        1,  6220800, 4d963013110f80a2c792eb1474101785
0,         80,         80,        1,  6220800, b4434ef257b06a6d4c8e26a3ddfa3959
0,         81,         81,        1,  6220800, 1658644ce7e129b72904e88785a9bcce
0,         82,         82,        1,  6220800, ee68d1b156f5cbbb01f9acd8416b6940
0,         83,         83,        1,  6220800, 04c49b143828743cba4e58c1aa3b9338
0,         84,         84,        1,  6220800, 495b3bd02861a1d517d4cd48a7e06d19
0,         85,         85,        1,  6220800, 30ee99571b25b574bc815c077d2774a6
0,         86,         86,        1,  6220800, 3ba0675c569fe7b76df2d6d9f455ac5b
0,         87,         87,        1,  6220800, e5932a53a1c1f0302f0f36f74142386b
0,         88,         88,        1,  6220800, 835a85d70f143aadf9e2c7288b2f55d2
0,         89,         89,        1,  6220800, 0bab23b8e8eadf4c12984c2750ebab91
0,         90,         90,        1,  6220800, 0e4ed39a2f4b5578c68ef5949d5f7621
0,         91,         91,        1,  6220800, a63c57c30c3cc9614cce642ed39fa063
0,         92,         92,        1,  6220800, cdea9d825bcc5db04ff384129884d412
0,         93,         93,        1,  6220800, 983c7ceb4781973e2f4e63f25d8b10ee
0,         94,         94,        1,  6220800, 21547d4c49bf896225e5957e9906e59f
0,         95,         95,        1,  6220800, a49c26de1b66d09383c0f9751444e0f4
0,         96,         96,        1,  6220800, 2d1f341f63500d9a2af28dcbf706c767
0,         97,         97,        1,  6220800, 1a264cb53af931f08178849625343c22
0,         98,         98,        1,  6220800, bff50e59a4785d7369443eb0778ba149
0,         99,         99,        1,  6220800, c30df89cb2ac786289b429d104b28de8
0,        100,        100,        1,  6220800, d5d35ccaf13bac80400afb29accad71c
0,        101,        101,        1,  6220800, 7759bc0a88c5bb11438de6894e8add51
0,        102,        102,        1,  6220800, 31f6e0eddbe9c75f58c7464a980ecadf
0,        103,        103,        1,  6220800, ec4091cc9dc9d013f7d1eec0427269cd
0,        104,        104,        1,  6220800, 2f3dbb8065c9b5efefe219dc08b57d45
0,        105,        105,        1,  6220800, 0d5315aec96c57d90f0a6e8b7a391f25
0,        106,        106,        1,  6220800, bfca7f8a136111e91763811c14d07260
0,        107,        107,        1,  6220800, 15967d288e8848437d79b7dd6838c2ea
0,        108,        108,        1,  6220800, 1c5166e93671e6bc4407dec7e07f77f9
0,        109,        109,        1,  6220800, 7749a02b45a94bda2d687b6308386889
0,        110,        110,        1,  6220800, 0463bdaa1d7ba022d93bfbe601804b47
0,        111,        111,        1,  6220800, b246d3316f83a5d3b9443b1d883276b3
0,        112,        112,        1,  6220800, eff89207d78b774ab1548a480b5a11de
0,        113,        113,        1,  6220800, 78e58ce0b08c9bb04618d51bfe54e671
0,        114,        114,        1,  6220800, 3d175a06df32273f375e07ec2680f5b1
0,        115,        115,        1,  6220800, b90687a66d543ff34d1d6ca2fc0d498c
0,        116,        116,        1,  6220800, 2f91e5a6e3286548806a1686b7a2b881
0,        117,        117,        1,  6220800, 8d6a1e635b136685dbdc8d8b8e182934
0,        118,        118,        1,  6220800, 5ae043f904f881b87c0cdb60df45362d
0,        119,        119,        1,  6220800, 8585d51a5619a2ef83db6b3ea7de65ce
0,        120,        120,        1,  6220800, 3af99648a5cd11bf344f3ad4c0f13a1e
0,        121,        121,        1,  6220800, e0f183485ed397b95ce57d516afc9319
0,        122,        122,        1,  6220800, fa1c234a8802f81e7b86767a7f5ad4bc
0,        123,        123,        1,  6220800, 28e9b94b77b97bcc6b68f4f078f242d4
0,        124,        124,        1,  6220800, 878f050a8b31951d9145769984181c28
0,        125,        125,        1,  6220800, ef8bad07b62efd746c0c0752715e8451
0,        126,        126,        1,  6220800, b21cef56f8746abc633fe4d11735d718
0,        127,        127,        1,  6220800, dc6b0ac8bc25437970a9957fcc8b221f
0,        128,        128,        1,  6220800, ccdd2ce502e26b2d8e63bdb5f0201333
0,        129,        129,        1,  6220800, d81b5939a44494544756186363360d00
0,        130,        130,        1,  6220800, 63aa5afcfeb62cfe4e934ab6fbe89e52
0,        131,        131,        1,  6220800, c913e64f0d3b25d88f4be60924b4c2ac
0,        132,        132,        1,  6220800, 0ae7791313110fa7825c29e21f1faa5f
0,        133,        133,        1,  6220800, 47fa6501595a05a03153c5d3a3c25062
0,        134,        134,        1,  6220800, 61e33d5b890bb7256b090d261dd7b4c8
0,        135,        135,        1,  6220800, 9ac706b10fd4f39141012ee1984b53d5
0,        136,        136,        1,  6220800, 3761307ae27725d56324221b28b07684
0,        137,        137,        1,  6220800, 81f39a36e4cd1975dc5e118c9d683a0b
0,        138,        138,        1,  6220800, 07deb3794214ff28e9bc6172d9101dab
0,        139,        139,        1,  6220800, 4064e4213da9dcc0aad480966ed3221e
0,        140,        140,        1,  6220800, 53d5d1d980ab64a3a9d655ff3ee9f4a8
0,        141,        141,        1,  6220800, 80917f0ec2835b08a3924e2a6ce8e051
0,        142,        142,        1,  6220800, 807db0625082488011bc5ac42134d5c1
0,        143,        143,        1,  6220800, 69aca9e797b54d69815a8c812f4e78e2
0,        144,        144,        1,  6220800, 97cff734c1ecd3f7b06572d0345135a4
0,        145,        145,        1,  6220800, adfc48939a3109231e117b49d04ba46d
0,        146,        146,        1,  6220800, 78f9f094eed6c304556f5ba2ccb28413
0,        147,        147,        1,  6220800, 0ee8ff6539cef3223a78c7f8b9836c91
0,        148,        148,        1,  6220800, 1a4f1fe6931344d2f636ad60050e6529
0,        149,        149,        1,  6220800, 1925923622bf93c40cc727dd45b70e0c
0,        150,        150,        1,  6220800, d8c7cee3731b0ec892196cf0bff79c74
0,        151,        151,        1,  6220800, 66ef17ddc1488c9d01ae92b11bc6fa6d
0,        152,        152,        1,  6220800, b5d9249f36ed94b82a9f33c463b33f04
0,        153,        153,        1,  6220800, 131b5a31ae9ca0a8a826296b436b6e10
0,        154,        154,        1,  6220800, 16b80d80c7f66640f9fe31c783e6f8a1
0,        155,        155,        1,  6220800, a112eed5c3c59c0e8dba40fa443fd055
0,        156,        156,        1,  6220800, cf5c7a092bd5e8a8daabb958309e5f38
0,        157,        157,        1,  6220800, 97e945054bf903f13c5b1c79d84dfe82
0,        158,        158,        1,  6220800, 66675f41e1052b53120fd47d2c43c4b5
0,        159,        159,        1,  6220800, ca0bbb488d158f4a9c21f7a57b0fb1aa
0,        160,        160,        1,  6220800, 1b4966089006748e706eacaa88aeba9f
0,        161,        161,        1,  6220800, 2ee6865326a9a28383ce1709a4e92a68
0,        162,        162,        1,  6220800, 50c7e8a7ec8bd551240dc6c1589dac95
0,        163,        163,        1,  6220800, 9537b8e5256c04d8af6bafd01fcc697b
0,        164,        164,        1,  6220800, 0cd0aae4280ec5b58b6a54c401ec50fb
0,        165,        165,        1,  6220800, 36323a42b33960f5388bbe85016f4f02
0,        166,        166,        1,  6220800, be3b867db63ff96da4c7613b244bf3b5
0,        167,        167,        1,  6220800, 9b979d7bd9e744d0b084c0ea21beb382
0,        168,        168,        1,  6220800, 34c932e68b373462afe48d5c25b425d6
0,        169,        169,        1,  6220800, 593fe2c385be9e2d6d5aab6e108326f1
0,        170,        170,        1,  6220800, b11d5be33b06352a4a0c9c30e15028d1
0,        171,        171,        1,  6220800, e94bcfd7ba6efb36d48fce8134dcd860
0,        172,        172,        1,  6220800, 79cc96c2cd45f9a3b37f9d0f50179ec5
0,        173,        173,        1,  6220800, 3861943ccc0de1203b2282cfec14ccef
0,        174,        174,        1,  6220800, 62f4b3d933de9ec957e2cc1766a2428b
0,        175,        175,        1,  6220800, ec93c8a542bff4a48a05b5f07e134b85
0,        176,        176,        1,  6220800, 8cf3f57808df9429bfd245b97c474f31
0,        177,        177,        1,  6220800, f727bf2a568cb9e1bf8480fdb67d072c
0,        178,        178,        1,  6220800, 98219ef10367295c40d995da47398185
0,        179,        179,        1,  6220800, 7e079e818213633bbd05af12732e57a1
0,        180,        180,        1,  6220800, 9dccd3028e44bbe8cdaca2e9ff6d5b74
0,        181,        181,        1,  6220800, 78d4819851e4be6da6aad4c3237bc411
0,        182,        182,        1,  6220800, c1598bafe7d71070e8570d5f82358a2f
0,        183,        183,        1,  6220800, 829ea0fa3f180c0c2c20d39a73f2243a
0,        184,        184,        1,  6220800, 673cd353c651e82c7d0733891c5752de
0,        185,        185,        1,  6220800, a8b1a5444bec6102f615f07a075034f7
0,        186,        186,        1,  6220800, fa72df51c05d3454160c503cf10d59b3
0,        187,        187,        1,  6220800, 6dff66117dbf7c46411b2c3ee372cc88
0,        188,        188,        1,  6220800, a0eda8ff35e861c650d1b5f9bd7b1ea5
0,        189,        189,        1,  6220800, 30ce8f53779ee536e62ed007d20574be
0,        190,        190,        1,  6220800, 068e270831ced78fec5c5f6769be5238
0,        191,        191,        1,  6220800, d451f59c4f31b279c944bee5f1893a44
0,        192,        192,        1,  6220800, f22cbb41c896f3fa49c50cddb44a254e
0,        193,        193,        1,  6220800, 02d3fc9fb747329feec893085d72d889
0,        194,        194,        1,  6220800, 4fe32b83be6aeefcd1d97cbd3bf9f304
0,        195,        195,        1,  6220800, 65662531ce2996f8eca30f530a04ed19
0,        196,        196,        1,  6220800, 7cd41688f1c58cc19e5647900eb50fc0
0,        197,        197,        1,  6220800, 2c947baa2a3e2f3b4f7566e67720275a
0,        198,        198,        1,  6220800, 583edb30508715b7e96a54aa1f3d2078
0,        199,        199,        1,  6220800, 251aca0751d1e345ba9461bd2e4d3939
0,        200,        200,        1,  6220800, b2658373100f2b2e6209883f82a20e28
0,        201,        201,        1,  6220800, 80f5b49d25f7b5a5be3f3b0e7ff6652e
0,        202,        202,        1,  6220800, 5274c368d74acb8de82db23b98bfb135
0,        203,        203,        1,  6220800, 4b192a6189215dc210733e3b909a466b
0,        204,        204,        1,  6220800, 4e75ba5832103fdcf809c9855f0c95ce
0,        205,        205,        1,  6220800, 740ad71ebc8274c67df6225993c655fb
0,        206,        206,        1,  6220800, cae12fe987d9dacf7141660e611100f7
0,        207,        207,        1,  6220800, 0b3c3a90827ca9aa0df73e0e73c51f0e
0,        208,        208,        1,  6220800, 1cd87d3673514964f4611cc8727da8d4
0,        209,        209,        1,  6220800, 730477431d387fb459cd144ab2bfd3c8
0,        210,        210,        1,  6220800, d455fa95bf2863445923b7e0fb391c5a
0,        211,        211,        1,  6220800, 9fe8ea582efb46031e0fdf5a719ba011
0,        212,        212,        1,  6220800, 17857904d8a88fd965974a63641df2a1
0,        213,        213,        1,  6220800, f3995b513d803bb375b2340d1d1f3069
0,        214,        214,        1,  6220800, 1f8f93ac699bd19378b50b2e023e468a
0,        215,        215,        1,  6220800, aa425c2b1b93889d4451636619ac78f3
0,        216,        216,        1,  6220800, 4aee367d2bdb773d44f399da469834f4
0,        217,        217,        1,  6220800, f8ee43430ce6102f97e03f1001d27abb
0,        218,        218,        1,  6220800, f2f669266b5e1fb61e3931e17e91f821
0,        219,        219,        1,  6220800, b74a703de7227d446efbbe7dd9a551c3
0,        220,        220,        1,  6220800, f1516b22af0a94a8b51590daf05eaa8b
0,        221,        221,        1,  6220800, fea2f1cfac4d5414a4f4c2d2a7d7a8cb
0,        222,        222,        1,  6220800, dd03f3c72fec65646b67d3d57d08d982
0,        223,        223,        1,  6220800, 9cfbfa8ad47b24cc893c11d7933f66ef
0,        224,        224,        1,  6220800, e34671ce08a4226f226400dbb397fb73
0,        225,        225,        1,  6220800, 63710379f43e62cc1364c447bdeaffe1
0,        226,        226,        1,  6220800, a43ddce77d2de1903ed3f6dad0b0f524
0,        227,        227,        1,  6220800, 08ed1223e291e07b7d00bc07e23a5894
0,        228,        228,        1,  6220800, 954777a4912035f912c7b15e686f5b17
0,        229,        229,        1,  6220800, 2751b1f2e0bdf0380d76aa4a2b77eab5
0,        230,        230,        1,  6220800, 6a395476a385160c16e8a18cce8d2f43
0,        231,        231,        1,  6220800, dfa7d55d24fa6a7e50ab6b22afab5369
0,        232,        232,        1,  6220800, 8543cbe02dfa62d9781d81707def1525
0,        233,        233,        1,  6220800, 86613d4c2fe89756da36ad7a9a0dadbe
0,        234,        234,        1,  6220800, ff57e2d621b1d0585893aabcadf137e1
0,        235,        235,        1,  6220800, 74f6088ea4173bdb7c22a940e78ae32a
0,        236,        236,        1,  6220800, 2fd7b922a2bdfee986703d75cdf4e0c8
0,        237,        237,        1,  6220800, 2d6f50946e7863e2c9bb7bbc09efbb88
0,        238,        238,        1,  6220800, c455d69e3fe7e51d4ac82bd89bbe22f2
0,        239,        239,        1,  6220800, e3464b39f8e37678736bcaa62d41acfc
0,        240,        240,        1,  6220800, 44a8d0c22259581fe3edc8f1f987f6d5
0,        241,        241,        1,  6220800, 2d6d6a755161f37472d424f305f6c1f0
0,        242,        242,        1,  6220800, 9997acec35d0d985e298a6cbcb2c3978
0,        243,        243,        1,  6220800, cff0c40ab0cd011c69598b8a5bbe050a
0,        244,        244,        1,  6220800, a11da808dc86ba5b891d958ff8b2451b
0,        245,        245,        1,  6220800, c0f3cac361f8a1041cad1d0df23dbe5b
0,        246,        246,        1,  6220800, 6b042435c3788bee4348abd5e04df0b7
0,        247,        247,        1,  6220800, 37a5165259e97b7d4768b1637d6159e7
0,        248,        248,        1,  6220800, d07ce2837da9c4cd856799cf12a3e379
0,        249,        249,        1,  6220800, 01388f1f71208b63414f7fff6d2c6772
0,        250,        250,        1,  6220800, 5801b2996069649329366682e8974c2e
0,        251,        251,        1,  6220800, 5d1abb8d9aa06d439c6d4a861fceaa06
0,        252,        252,        1,  6220800, 447cf0d7dd4806cb99572da15565c239
0,        253,        253,        1,  6220800, 4fbde27ca7d3d70e6d39b853fcade97a
0,        254,        254,        1,  6220800, b6825af4568adc9fd006c83e47fe33e0
0,        255,        255,        1,  6220800, 548365ace51ca4bd7d569f62b16d13db
0,        256,        256,        1,  6220800, 3968e009898c7399c0298afd5a39dc31
0,        257,        257,        1,  6220800, b43260ec164252c84183b5067be2e531
0,        258,        258,        1,  6220800, 7ef26c5c6103aee4db78b45039581b65
0,        259,        259,        1,  6220800, 756efd2d43dc8063044d14c6de1f3527
0,        260,        260,        1,  6220800, 9cdccd597c160a490c73399c1462aab5
0,        261,        261,        1,  6220800, a089a4086f1c98efa14dc4532d6d7336
0,        262,        262,        1,  6220800, 51b6dddda8dd5d5286d2fc20361137e6
0,        263,        263,        1,  6220800, 4ca24a7c837ba431e625ec00edbc361c
0,        264,        264,        1,  6220800, e56c7e4917819cb8fe80c8d93b3cdecd
0,        265,        265,        1,  6220800, 847a152be3e47519cb11d0b6fed0b9f8
0,        266,        266,        1,  6220800, 94053d15a92e496c08813c058a8592b7
0,        267,        267,        1,  6220800, 94053d15a92e496c08813c058a8592b7
0,        268,        268,        1,  6220800, c5b3ac1c907e885be3583b0942f8481d
0,        269,        269,        1,  6220800, 21655dac81400ce74f5c59ce77acab86
0,        270,        270,        1,  6220800, 93a7d8e7fcee3bab865d0f81c437b389
0,        271,        271,        1,  6220800, cef227dbe2e7f1f621ec5b29f9b5f3b8
0,        272,        272,        1,  6220800, 0e6c9b55b28e94bc2de7432bd33cf09f
0,        273,        273,        1,  6220800, b0481fe5261836990714e557c66fc448
0,        274,        274,        1,  6220800, ec67d414f8b43ac426868a647de5930f
0,        275,        275,        1,  6220800, 37bb1aea929d4043b53c2c295b7bcee2
0,        276,        276,        1,  6220800, b7a522b4284bd99905e6b4a478bf4bbe
0,        277,        277,        1,  6220800, 494a3e36d199532c0c946abd72bd1226
0,        278,        278,        1,  6220800, c9f81f87bfc67e6df1b6869fbdebacb6
0,        279,        279,        1,  6220800, 7a6cd711cec454b10ddbcede1acc0729
0,        280,        280,        1,  6220800, 22d30effd962930b96484c4eaa914a79
0,        281,        281,        1,  6220800, 166e42d7f019110dae2769172985e80c
0,        282,        282,        1,  6220800, b1b09381b78095046636364808312110
0,        283,        283,        1,  6220800, a667a6445008b138a9ad6754e4b59c72
0,        284,        284,        1,  6220800, 8b0e434f415ecf8469e93c5c051caa41
0,        285,        285,        1,  6220800, dbd52add53b90343113fdc5521b7b520
0,        286,        286,        1,  6220800, 1a8355209fcf839fa6b5841b03580a04
0,        287,        287,        1,  6220800, 407c1bce0af65b177e26d6145b546165
0,        288,        288,        1,  6220800, aab95fc62c6a68ae562114919d701e78
0,        289,        289,        1,  6220800, b89bc891e7e222ae7d2380d44664abc3
0,        290,        290,        1,  6220800, 6e80904abf8b5defaeec241ef69bb8e1
0,        291,        291,        1,  6220800, 3c2a033579d490ef915b3853a7a8f5a6
0,        292,        292,        1,  6220800, 81bc2ec3bf77e58daa7791de25dc61ce
0,        293,        293,        1,  6220800, 65538b46376df8bfa083c402dd25ab04
0,        294,        294,        1,  6220800, 15efe19364797992ad5be7403d867907
0,        295,        295,        1,  6220800, bdd59030f3c78b7214104fd7fe3f6f7a
0,        296,        296,        1,  6220800, 3f38f616b77afe6aad5861cf76d5e814
0,        297,        297,        1,  6220800, d239c382a1b42c0f7d4bbdae23ffc917
0,        298,        298,        1,  6220800, c379ccff1a9543b6907f9e8acf2a904f
0,        299,        299,        1,  6220800, 6a2d5c7731a01483707a8a2d63a5f3fc
0,        300,        300,        1,  6220800, 7543ca27c72a6183ab7f268ac44d5a1a
0,        301,        301,        1,  6220800, b21538161af37c334367a81ce1a4e382
0,        302,        302,        1,  6220800, 9da97fa29b7dbe2798f0d49d1a451f11
0,        303,        303,        1,  6220800, 59c37e74b76a188ca13f7033e0488dc5
0,        304,        304,        1,  6220800, d867a086058bf8a0739d02e7b2b6022a
0,        305,        305,        1,  6220800, 434bd1473860e618c2b0fc78f762bf61
0,        306,        306,        1,  6220800, 40798e8ef2ae0da088b9f330a77236da
0,        307,        307,        1,  6220800, f8b0a6fb9042f994728b295eec09ff6b
0,        308,        308,        1,  6220800, 0ede0d699e5dde77ea889192e2aa58e3
0,        309,        309,        1,  6220800, d2570aa06d75a31d7e4cb9cd7fe7e3e2
0,        310,        310,        1,  6220800, d72987292828aad009f41a961a4db5cb
0,        311,        311,        1,  6220800, 253ae34f7ad01e693e919d1cfb1e23cb
0,        312,        312,        1,  6220800, aa9f33ca302ba2065de666aee522271d
0,        313,        313,        1,  6220800, cb2e538d932d1ae216912f680f8fe288
0,        314,        314,        1,  6220800, 8f558c0f78cf7507a5fdbce6bc5671f7
0,        315,        315,        1,  6220800, be5d93ce1eb4934c567cc295a707d268
0,        316,        316,        1,  6220800, 68ded6748b8b8e32f56d5925f96b4029
0,        317,        317,        1,  6220800, 61a1fb14d1ac58f102251445d5d59dc9
0,        318,        318,        1,  6220800, 5e67fd4b4ceeaaf6442285afe9435a69
0,        319,        319,        1,  6220800, 7115a9d5eb5229f75e092d48eb5f48ef
0,        320,        320,        1,  6220800, 6d212d5499717e3218fab01a89d1905b
0,        321,        321,        1,  6220800, 7a4df07b8799a12d0cc877316d31410a
0,        322,        322,        1,  6220800, 510ae2c680de4028ce7273d6a51cff65
0,        323,        323,        1,  6220800, b31f9db212cd33589cd18f2359dc4d54
0,        324,        324,        1,  6220800, 634aa7bae1f94d81abda1743809af102
0,        325,        325,        1,  6220800, bef5db54421e3544e6f959dcfccca487
0,        326,        326,        1,  6220800, 8251d8d31e9211b3d85af1b8e33f42f3
0,        327,        327,        1,  6220800, 388dc6715d901321b3074d72688a491e
0,        328,        328,        1,  6220800, 4784f72f340314f0d537815ed380d9b1
0,        329,        329,        1,  6220800, cbfceae99a324bf0781550a79b55e71a
0,        330,        330,        1,  6220800, ea08383a66cce662db4836f7afb67962
0,        331,        331,        1,  6220800, 5d4a3bd5ca9373106a2573d5bad195b4
0,        332,        332,        1,  6220800, d3f57b87c8afcc52118b0eecae404850
0,        333,        333,        1,  6220800, 63444a76e471c08ddc4d59276e55c013
0,        334,        334,        1,  6220800, 62a996f9ef0d24d91ee271868339520c
0,        335,        335,        1,  6220800, 6300313eaa85b90815e5c1993f7b82f2
0,        336,        336,        1,  6220800, 2883ec081790e087daaafa34b34340c7
0,        337,        337,        1,  6220800, 383d1ab829f2d930aa5e1e7de75a2ef9
0,        338,        338,        1,  6220800, b2243240f9b33bc3a417e67d3c0ebf30
0,        339,        339,        1,  6220800, ecbeadd12355f8f3e45f7eb24d1b18bd
0,        340,        340,        1,  6220800, 621131810a74c4af33518b70d777b1d3
0,        341,        341,        1,  6220800, 5c0f6eba3fea82ba6b361ce192af0306
0,        342,        342,        1,  6220800, 4697b6377462e0347ad248c49731b61c
0,        343,        343,        1,  6220800, fff17a9edcf81d7778c47b10567c4cb3
0,        344,        344,        1,  6220800, 11cd7192fa0d9329aca5dada9e1ee219
0,        345,        345,        1,  6220800, 6fbf6d029d8ab998870c506c80593871
0,        346,        346,        1,  6220800, fa25eb908ebff926ecae95eec31306da
0,        347,        347,        1,  6220800, 52b7e0f4e4279266ce6717e9d310dd93
0,        348,        348,        1,  6220800, e41aef01953130ae3ecffbd672ceb48b
0,        349,        349,        1,  6220800, c421e6846496219297755a0dd5184506
0,        350,        350,        1,  6220800, d01d661a8ee65c867cdade9ac7d9e432
0,        351,        351,        1,  6220800, c0671fd762611f72cd61bf0095a3c60c
0,        352,        352,        1,  6220800, aee8d2ccaa8a2b43bca1b8e40060990e
0,        353,        353,        1,  6220800, 614ab966b32c53bd9d92a9f37fbd503a
0,        354,        354,        1,  6220800, cf3da2298799adc9dd31e752024d2ff3
0,        355,        355,        1,  6220800, f95e5d0e6e6c4e5cedd5b8772e5f5e64
0,        356,        356,        1,  6220800, 6d56d32b3524432941dfb24dd0a60f2c
0,        357,        357,        1,  6220800, 6abd98ba27066ec6882d53d95eba2736
0,        358,        358,        1,  6220800, a98d422691af338e8a9d9638101bb8bb
0,        359,        359,        1,  6220800, 052d97069bb04b2f256a95e6d54152c3
0,        360,        360,        1,  6220800, 4a22f5aed4b19f8dede5803b1c2af42e
0,        361,        361,        1,  6220800, e57fb472a8ec2aeae73ed08bf9f3ed77
0,        362,        362,        1,  6220800, d05503d4e95999bc6c2d60368e710f14
0,        363,        363,        1,  6220800, a99e93f6c2621b475c2a662398c48d95
0,        364,        364,        1,  6220800, b26b256e9c01c8685ce7ce5174c87e13
0,        365,        365,        1,  6220800, 653716ce1eaa30458206f34e3a103cf3
0,        366,        366,        1,  6220800, b9343473ac24c966881687e3b0582f9c
0,        367,        367,        1,  6220800, 625486b43d0191a2b8262dc2207bc49c
0,        368,        368,        1,  6220800, b922d51fa52ff743cc72ed23045acec7
0,        369,        369,        1,  6220800, dc881e5a887723d001cadf17cb794df1
0,        370,        370,        1,  6220800, c4664553d46f043e434dfacffde5d0e1
0,        371,        371,        1,  6220800, c43a45951a19b0df34e3adb5b424dc9e
0,        372,        372,        1,  6220800, 93adee598be8d6dfd9832fe1994261fe
0,        373,        373,        1,  6220800, aef0d62dc6b4564434490bf32bfe5ecd
0,        374,        374,        1,  6220800, aadd3c7f900180331d3cc07e21cc9c25
0,        375,        375,        1,  6220800, 44891261caa8508a38a814a6e69bdc1e
0,        376,        376,        1,  6220800, bdaed928129d61141e1f6a79f6fd2150
0,        377,        377,        1,  6220800, 430ea3636e3baa4d628d125ccaac2e50
0,        378,        378,        1,  6220800, d4fa649b9a016cbfbad167550729943d
0,        379,        379,        1,  6220800, 8ad4ede582f85d8e6413557ef7c73d0b
0,        380,        380,        1,  6220800, 1cf7b3ccc1758d2dfe28f91222ea93f0
0,        381,        381,        1,  6220800, a54888947258256140715938f69c6114
0,        382,        382,        1,  6220800, 82ade6065ea4d9c0b72436121339e833
0,        383,        383,        1,  6220800, 691166e660955fbcd839409ffe5c8e68
0,        384,        384,        1,  6220800, 259630e74d823933656c788a03c56ebe
0,        385,        385,        1,  6220800, 131daa32df9fd013ecc80e8f5488ead6
0,        386,        386,        1,  6220800, 58e7da382ba81b0cb9683d825bcc391f
0,        387,        387,        1,  6220800, b9a9c2009b7e627fd64c524dcca74128
0,        388,        388,        1,  6220800, 10f6191a70efcb8b42683122caa7380c
0,        389,        389,        1,  6220800, fd93c16f0bff581c69b8e7f911db7d65
0,        390,        390,        1,  6220800, abd0ef9123db914389ab4d001b34550e
0,        391,        391,        1,  6220800, b7e3e785c0daa2bc37401090a09045eb
0,        392,        392,        1,  6220800, dfe8c78d5aa9382f6580e226752dfbe6
0,        393,        393,        1,  6220800, b9afcf7aafe5b659ddaa48abedcf3420
0,        394,        394,        1,  6220800, ed0a061c7d89e70b8aaf2e3025e33613
0,        395,        395,        1,  6220800, 6b1cb680c038f1f359f94240ec219f50
0,        396,        396,        1,  6220800, 72860726d1975f38c1aa8a5c0daab1bb
0,        397,        397,        1,  6220800, d80ab7d6742a329ef87634329859cf1a
0,        398,        398,        1,  6220800, b6e80363bfdabac484920c89f742c968
0,        399,        399,        1,  6220800, cc821a1fee120034ad3ecafab253397b
0,        400,        400,        1,  6220800, ebf22cba752208148f7f12f66c5a60c2
0,        401,        401,        1,  6220800, 37548e75719f0748eea7ef9cc6086cdb
0,        402,        402,        1,  6220800, ac101bd13324ba7dc34fcb6422537c01
0,        403,        403,        1,  6220800, 56f0c412ba1d439ab5ecc727b542f6de
0,        404,        404,        1,  6220800, c4f4cf0cf0a141c019010d7960bf4f90
0,        405,        405,        1,  6220800, 09db37341bd39e77267cc7b912f78d5e
0,        406,        406,        1,  6220800, b4452aaa5799bbafb38ff42abda2b939
0,        407,        407,        1,  6220800, 414b3fe26165cc2acea4d8ba454f0c68
0,        408,        408,        1,  6220800, 277f1b4fbe5e5265977009df2fd19aca
0,        409,        409,        1,  6220800, 6a04e1ae62f675377c09aa85fcbfd01e
0,        410,        410,        1,  6220800, d1d07eef2e950b61c62427cb8944601e
0,        411,        411,        1,  6220800, 07400909dc36f7575f6526fffae06366
0,        412,        412,        1,  6220800, b1f18a2bca9c21c1bce9696ffcc4c726
0,        413,        413,        1,  6220800, 624222f43c7706b3f5bc7b356a7bb4e0
0,        414,        414,        1,  6220800, b5101a3517df5c9d0842cea673c5409a
0,        415,        415,        1,  6220800, a84e557552df06bca4eae1b37680bce0
0,        416,        416,        1,  6220800, e3274fd02628608a5150b815e6641e27
0,        417,        417,        1,  6220800, 54565a7fc03c84e8be05f8d2b458bd3d
0,        418,        418,        1,  6220800, cd5b88bf26c57ae8abb593e20dca6344
0,        419,        419,        1,  6220800, ebae79a60250d5bd7300482d8a7f81b7
0,        420,        420,        1,  6220800, 7fb475f319185a72de3b959482d371a1
0,        421,        421,        1,  6220800, dbd3311219adace4b338724ab9b276d8
0,        422,        422,        1,  6220800, d0df21734d37937a78f43884c7fa4730
0,        423,        423,        1,  6220800, ddb6d70da032cdcfdca516eeef1c0a80
0,        424,        424,        1,  6220800, a81f723b4e2fe89c32b46356c2cf29cf
0,        425,        425,        1,  6220800, 70858ba0a930acdb3703c266cf597d53
0,        426,        426,        1,  6220800, 897fda9652e7264113455d0c56b8ff5e
0,        427,        427,        1,  6220800, 1c9aff18a88efdb0591e99cda05ab0b2
0,        428,        428,        1,  6220800, 89751f4fb3a02abd2082b3112093304a
0,        429,        429,        1,  6220800, c9f551753f825a092a390a053edb6abd
0,        430,        430,        1,  6220800, c59aec23b5b9b00c981767af68367062
0,        431,        431,        1,  6220800, c59aec23b5b9b00c981767af68367062
0,        432,        432,        1,  6220800, 1f53c9c27919e906d8589e5a6ca3ebbf
0,        433,        433,        1,  6220800, 34356c567c169d7e22ae4c2939d6330a
0,        434,        434,        1,  6220800, 2a4e3c70f765f295661f86dfcd6c1272
0,        435,        435,        1,  6220800, fb00ca48a84aa75975eb58e6a625271a
0,        436,        436,        1,  6220800, 73f59daa8a2a69ba13dc2fec80a82284
0,        437,        437,        1,  6220800, d4bb7b3b4969be023a1c6872b074893d
0,        438,        438,        1,  6220800, e94e5f87567208dddafdc2bbb3514138
0,        439,        439,        1,  6220800, 760cfbf2804b448a67c6ce2f22e20e3c
0,        440,        440,        1,  6220800, c419868c776ed69556f0d51b4a4e6c5e
0,        441,        441,        1,  6220800, 3e75c845d1133a358dc3c8cfff9c9b4a
0,        442,        442,        1,  6220800, de88f93c6ef935bd3564876aee837ba5
0,        443,        443,        1,  6220800, df0fd73fc657ff42dd1682952d7cc537
0,        444,        444,        1,  6220800, 6254dff21a13ba6d77c6f014e4c4dc7e
0,        445,        445,        1,  6220800, aea4da675c1892241039b45b661d94d2
0,        446,        446,        1,  6220800, 7864ec4972d783952b5b9289098daafc
0,        447,        447,        1,  6220800, 6b6f259e7e16053da59f7c492496ae59
0,        448,        448,        1,  6220800, 886dacf226c74af6253a573168dc245f
0,        449,        449,        1,  6220800, 15f88f961d4c64503d4d9b0d08361419
0,        450,        450,        1,  6220800, 752914299f8eed56dae0a38f8d108863
0,        451,        451,        1,  6220800, c7ca1e7e72a2b18706f76fe25ce2bc0d
0,        452,        452,        1,  6220800, dd46c1e61278b13a7350c6a8b2d6d69a
0,        453,        453,        1,  6220800, 204f0c439e36950dfe94c3b06884fe4e
0,        454,        454,        1,  6220800, e1aeb27e1f470acdb629b3442bf9b833
0,        455,        455,        1,  6220800, bdf76c40c0fcb8ce19c31c526a661517
0,        456,        456,        1,  6220800, 0b0600d97ac81c866c28f77fa4c655f0
0,        457,        457,        1,  6220800, 25d836f3e3e590cfdce8ba444fed2626
0,        458,        458,        1,  6220800, 783b26efd8d525401815efe65c9e9a11
0,        459,        459,        1,  6220800, 3759f9a3ddb838defd6a341f98bd7578
0,        460,        460,        1,  6220800, 9197e519fb603c4f956a051c491b697c
0,        461,        461,        1,  6220800, 181869e890ec1be8da8fc34b323250bd
0,        462,        462,        1,  6220800, b50c1c27d778835f184752b172474cf4
0,        463,        463,        1,  6220800, eaa738943b6448193b3cd72009e905d2
0,        464,        464,        1,  6220800, 540b89136ff4ee8e0ef5e5e5c305a89d
0,        465,        465,        1,  6220800, 144b3e8153d6e4ce2935c5da9dac7549
0,        466,        466,        1,  6220800, 9fc755a0de8e2dbe30806ce911dc5838
0,        467,        467,        1,  6220800, 044b96d56c2915e2275820f22103b661
0,        468,        468,        1,  6220800, d7f6743e14bf9f61da41799d73b42d05
0,        469,        469,        1,  6220800, 964a71626c1c1c1cb1a48192f7aeefe0
0,        470,        470,        1,  6220800, 5a50f84ae76bdc302342f204cce86b9a
0,        471,        471,        1,  6220800, eb51875ca4b388665245c2f565754592
0,        472,        472,        1,  6220800, d53e806c6815d16748a4175d800c6942
0,        473,        473,        1,  6220800, 968ed124cce58ea9b1373898bc83e915
0,        474,        474,        1,  6220800, d7675f6a39edb7ea05354afe3b6fb260
0,        475,        475,        1,  6220800, d27ef0e464ef51b9bbb442197ed6f1f8
0,        476,        476,        1,  6220800, 58dcce0adaa4286ccdd222149f183b7e
0,        477,        477,        1,  6220800, d360aeb1a6136203a97ee67288e7af46
0,        478,        478,        1,  6220800, c6eb0417b5b3b66665536f685eba4784
0,        479,        479,        1,  6220800, b3ef701d322fc69ffcc07f521da6288e
0,        480,        480,        1,  6220800, 4c2fee1dd51cfa4b7597be8b4f89ee0d
0,        481,        481,        1,  6220800, 18ce63bb82a125182e1405094f74e440
0,        482,        482,        1,  6220800, 0b5fc71f7648db4caae13f8e2efc2370
0,        483,        483,        1,  6220800, 0e185a60d255c6c012023b48a7895da8
0,        484,        484,        1,  6220800, b17745567564f745e0a8d06e2f48cad7
0,        485,        485,        1,  6220800, 5a2c7cd52715601c1c232bf1895ba685
0,        486,        486,        1,  6220800, f4dfae968f95508ea0e56977736a8b14
0,        487,        487,        1,  6220800, d914023525024d19e85425cb75691808
0,        488,        488,        1,  6220800, e9828be970301a3a321f5c6fc3851511
0,        489,        489,        1,  6220800, 8ba097387db07d36fb38e5654f38b553
0,        490,        490,        1,  6220800, 389b8894379b07d493a565f33df42d16
0,        491,        491,        1,  6220800, bba3df9949d4f9476c083505b73b0795
0,        492,        492,        1,  6220800, 327772c96aaf78b098af46290963217a
0,        493,        493,        1,  6220800, 21c55fdd1cc0fccbac7b9b9541e3749a
0,        494,        494,        1,  6220800, 6cfcf3a6c6eeaa88bb56d1d83a25a64c
0,        495,        495,        1,  6220800, cc4b364dad89e339ffb4ffc326a19516
0,        496,        496,        1,  6220800, 01a27bc7d6461a9d5feefd3e5cf94e02
0,        497,        497,        1,  6220800, aac584992fda38e8419115ee783dd161
0,        498,        498,        1,  6220800, 0149d8f5153557bf514b14ec8bdcba17
0,        499,        499,        1,  6220800, 8dfc92224ff012eebdcea1b348200e13
0,        500,        500,        1,  6220800, ea808d09cc8422728a7fc7273ae8266b
0,        501,        501,        1,  6220800, a06834998e7594b96c8ec1c4f442bde5
0,        502,        502,        1,  6220800, c70080da379883e4f773fce96cb02ca3
0,        503,        503,        1,  6220800, 7e0a3b63afb6037dab97af24bf17d8d6
0,        504,        504,        1,  6220800, f72ee2c84f0eb4c1e5297c83c5357d87
0,        505,        505,        1,  6220800, 6b98bedf1bd6a07c221af8377c8a1469
0,        506,        506,        1,  6220800, 80bbc30f8fd6a3724bcdb6c9e746353c
0,        507,        507,        1,  6220800, 1df56527a83c3ac4562622bf65977589
0,        508,        508,        1,  6220800, ce726162bf4862bc335fce1de37e47f5
0,        509,        509,        1,  6220800, a6eb5a68d666d4c92f979ca907200a64
0,        510,        510,        1,  6220800, cd8e0551e68aa1edc9ee6a831dc963df
0,        511,        511,        1,  6220800, 487e9780e760258eed85b9535ec4b747
0,        512,        512,        1,  6220800, b4b5d3335a06f3a1e932a7c3b4fdf919
0,        513,        513,        1,  6220800, d69f844c925410bde1f529edfc8513fb
0,        514,        514,        1,  6220800, deea86198bea722f8827c5babc4f44b1
0,        515,        515,        1,  6220800, 5bdada22ca266586ae975a4d35e47975
0,        516,        516,        1,  6220800, a46254d8f6b0bfbb3b90c506488d0a87
0,        517,        517,        1,  6220800, adf489b7f49c3d2690c37c78da820e00
0,        518,        518,        1,  6220800, 50374bd55f32e084bd7176a37322d219
0,        519,        519,        1,  6220800, 382c5afc8cb1cffc7da7c69d99e783d5
0,        520,        520,        1,  6220800, f9b70ce9b42e0bb8ef4728e457aed5fb
0,        521,        521,        1,  6220800, 2585dc1f0edd83e793f602c48e5d5af7
0,        522,        522,        1,  6220800, b7b6a5837902192bf799e8726a567ad0
0,        523,        523,        1,  6220800, a24fd53f7be8ce57e55ca9b82e10a2d1
0,        524,        524,        1,  6220800, 51fcfd90a76c24a5d4b16b2120c144d5
0,        525,        525,        1,  6220800, 847f6e2f1b12d8d520ad8423d667a25d
0,        526,        526,        1,  6220800, 744624c9045e19758ffce85985d5a46d
0,        527,        527,        1,  6220800, adaad41b2b3ac0b5da3c0609a164e9ad
0,        528,        528,        1,  6220800, 4610336edc56e756583e87f6884ba76f
0,        529,        529,        1,  6220800, 7beb2e064514cec9526fa93ae93a7223
0,        530,        530,        1,  6220800, 8efec145f5323ae3796383d91efa818c
0,        531,        531,        1,  6220800, 791632f07f6d0cddd911d3b564fcd482
0,        532,        532,        1,  6220800, 865092f877c9bdf944bf223b6843171e
0,        533,        533,        1,  6220800, 9ca439b1499f52bba2dcf87d4f4cef9d
0,        534,        534,        1,  6220800, 3582e343f37ee68d5b979cefa5f89072
0,        535,        535,        1,  6220800, d3e02db026b9b563ecc05be1ad18e273
0,        536,        536,        1,  6220800, 2299bc531b63292c6640b9163dcd4d89
0,        537,        537,        1,  6220800, 8bab8505f26047b74f11e06bcb5aa7f6
0,        538,        538,        1,  6220800, b961c68462c37736a3dd81d06e9973be
0,        539,        539,        1,  6220800, 8eaf67786e3c543419a2db69cadc614f
0,        540,        540,        1,  6220800, 893bda1a6d0ccd282707e01f0fe73a79
0,        541,        541,        1,  6220800, ae777898f6833dcbfb25f55e574fc399
0,        542,        542,        1,  6220800, a05300b138d0ee0592a45779b5f49e13
0,        543,        543,        1,  6220800, 28947d743accb7e47d5a7a45bde9a7e4
0,        544,        544,        1,  6220800, 026bcc62650897105fe1a6925a527ae5
0,        545,        545,        1,  6220800, 6445a6388dad60d374084b0ed6639ad0
0,        546,        546,        1,  6220800, 9b1fdf867b08370ea8c8599ccf60f39d
0,        547,        547,        1,  6220800, 4743e9904a8b923e263314c195a6f204
0,        548,        548,        1,  6220800, 9999a8451908b4f2c04185859ae60328
0,        549,        549,        1,  6220800, a9fe8cf60ed03570bf4d0eddb8343439
0,        550,        550,        1,  6220800, 6ac255e6ad095fa44d458868369809f9
0,        551,        551,        1,  6220800, 18bf5149083fb871095861c44552b613
0,        552,        552,        1,  6220800, 8a90f68f4e489c216a3ac2b7a13d8258
0,        553,        553,        1,  6220800, 3b3061b1dc367801597344134aebf748
0,        554,        554,        1,  6220800, 8d05b89028d38a2a09c31d348976b2fd
0,        555,        555,        1,  6220800, 3f21c54f562cfb570230b8a5c0c71d10
0,        556,        556,        1,  6220800, 1891b98c57fd8ad2ab93a1d117008901
0,        557,        557,        1,  6220800, fa0574dbf5664975f2b2008ecef924a7
0,        558,        558,        1,  6220800, 9f2082788eba821d76d5e46d9a633d7b
0,        559,        559,        1,  6220800, ecf94ec768b6ce0dd2033be18f600de2
0,        560,        560,        1,  6220800, 8f1df7b8fccede7614c9d111178bdacd
0,        561,        561,        1,  6220800, 5ebcc3c480194b7a5b10e57609cb7448
0,        562,        562,        1,  6220800, ae7845679e287a36cc6aead0b4f74ae7
0,        563,        563,        1,  6220800, 1e6cf96c41e038dc83e8efd0b7fe66ec
0,        564,        564,        1,  6220800, 9189434c7e2aa4795a75bcd442b272c5
0,        565,        565,        1,  6220800, 997f40a1c2f9ca9502e00d814db3730f
0,        566,        566,        1,  6220800, 9302a79df072a2e9fc4447ee091881b0
0,        567,        567,        1,  6220800, d79c37e2aa6cc45f2e56c16941f1f48b
0,        568,        568,        1,  6220800, 0eee11559ade25b8b1e005b99cc3afdc
0,        569,        569,        1,  6220800, 5b93ad4db11be849dd021b6bc9380df3
0,        570,        570,        1,  6220800, 7528f1af2bdadaac03f8f92e3681018d
0,        571,        571,        1,  6220800, 2e6de2ec5565463bf73ea0d667f710c9
0,        572,        572,        1,  6220800, 3095d8924c536a7648b3b6ddac4c397b
0,        573,        573,        1,  6220800, cbf22cb71e523a7a1fc834c5966598a7
0,        574,        574,        1,  6220800, 05843621bf94b26754ab3c0670ee57af
0,        575,        575,        1,  6220800, 48b229370451b119c663e41b888774f8
0,        576,        576,        1,  6220800, 311bae06ff3e7f0c4bfb7ac8c5459c66
0,        577,        577,        1,  6220800, 4085b67c714e6a3f96b9960428ff5782
0,        578,        578,        1,  6220800, d594e276fb41e7529f8c50b38b3d734c
0,        579,        579,        1,  6220800, 505931acd2b359dbd396a16dde20ec22
0,        580,        580,        1,  6220800, 2ec552a2f0d94cf4f0a949acad551668
0,        581,        581,        1,  6220800, 81e3d9420ea5ad2b70414cab50b88686
0,        582,        582,        1,  6220800, a7bc7f77a2fe8381d2e286fab0718642
0,        583,        583,        1,  6220800, 05b8a9a7aad8555842c9132a12a95a8e
0,        584,        584,        1,  6220800, 99f662e58890dc42d6fb9d0399915872
0,        585,        585,        1,  6220800, 2726ae63e83e65a91132751973420ba1
0,        586,        586,        1,  6220800, 6509e8bfba8e40b38cac1c2696adfadf
0,        587,        587,        1,  6220800, 1095266d4a5b8180c89011ca8a7d155f
0,        588,        588,        1,  6220800, 8311989155f531fa4f77b2b079b10380
0,        589,        589,        1,  6220800, 251c065e48f516c7465233561ee3d687
0,        590,        590,        1,  6220800, 4bd780981eda78c26d7528fc73342aad
0,        591,        591,        1,  6220800, add38bc1096ce135ba525e62ff986696
0,        592,        592,        1,  6220800, b96986be4ba93d20961d200680dbcfaa
0,        593,        593,        1,  6220800, 063ba8c07698bc258ddaec175e06c69f
0,        594,        594,        1,  6220800, 0ff6542e2e4cb2decad0c6b3eb089048
0,        595,        595,        1,  6220800, 27faf25dace3fc5dd2f7ba9718b7c37f
0,        596,        596,        1,  6220800, 85527c7892363791aa4da9b6bdbdab09
0,        597,        597,        1,  6220800, daa4191b7c1970f5ae2f42aa6502a159
0,        598,        598,        1,  6220800, 5e436984f66a955bd69ed20cce44f16e
0,        599,        599,        1,  6220800, 43a1135d799b677f6c1b58e7dafd97bf
0,        600,        600,        1,  6220800, 5422b6e53d4f32064ee5604253b1f1cf
0,        601,        601,        1,  6220800, 3693785d0f09cdf4535bacd8ade6fca2
0,        602,        602,        1,  6220800, 818b0921fa52da2aca197e889c10668b
0,        603,        603,        1,  6220800, 95f21951dc9363f9dbe4547d576f2344
0,        604,        604,        1,  6220800, 734f375d6e013063b58ea0fe18b20055
0,        605,        605,        1,  6220800, d64bdcd4fa44e743948a7f8527c9ff45
0,        606,        606,        1,  6220800, fd75a05704a3ce1e62b2d97de826e967
0,        607,        607,        1,  6220800, 7a372825caeb38d382fbc1e9cd01bced
0,        608,        608,        1,  6220800, 50bdf9c470b595de8e35fc295306beaf
0,        609,        609,        1,  6220800, a4d6dcfeed55247eb47df9af0cacf2e4
0,        610,        610,        1,  6220800, ca6eb63b33dca5e9ab0b292fea759829
0,        611,        611,        1,  6220800, f4c4b82cbe9198d30eef9cd8f5facf2d
0,        612,        612,        1,  6220800, c54cd9cca1f7b9d718d95565fa2b31b0
0,        613,        613,        1,  6220800, 612bbc0279b04f1310760b148e109559
0,        614,        614,        1,  6220800, e9b4c8edfe98b6fa1c43023d1ee9f07a
0,        615,        615,        1,  6220800, 2a5b2bcbcd646025afdb9703ecb6c807
0,        616,        616,        1,  6220800, 57de8692cba185190346887682fe10be
0,        617,        617,        1,  6220800, 2ceb93ebf958c3202cc8065bad281f54
0,        618,        618,        1,  6220800, 96f583fa3013dedef6b54e7c4edaa67e
0,        619,        619,        1,  6220800, f12ee865f74c3a72a89eb9c7ab3d16a6
0,        620,        620,        1,  6220800, 406803256629f26a3f60c3db23f11443
0,        621,        621,        1,  6220800, a9ba03003ea57397a0981bb27e27764f
0,        622,        622,        1,  6220800, f8a91592d8b422e117b2d5214b7a3669
0,        623,        623,        1,  6220800, b18dfe429556cded2fe719c146625476
0,        624,        624,        1,  6220800, f97aaf685c911f724e12c1f49ac023ab
0,        625,        625,        1,  6220800, c8028d16b68c43c00311493198353d29
0,        626,        626,        1,  6220800, 2dad29a9c3dcf06072e5db05940e7dc8
0,        627,        627,        1,  6220800, 14f2e959bba8c8db375b6bc5edd7a956
0,        628,        628,        1,  6220800, 1e7417e59c61014508865ade5adec101
0,        629,        629,        1,  6220800, fe66009a9f35eb23c9a48f6db6dfa761
0,        630,        630,        1,  6220800, 8482f3363e7fcd1b7663b8dd92f65b7d
0,        631,        631,        1,  6220800, 7f5cd5e401e759fac3cd12ce023ea688
0,        632,        632,        1,  6220800, 854cc9116150d5cb76e50d673e4a408a
0,        633,        633,        1,  6220800, 62caeb0b6c0b8bc04875a10aee44b2ec
0,        634,        634,        1,  6220800, 7aa91f9c4d49697b381c049e2f9e9ee8
0,        635,        635,        1,  6220800, 96975500740b591691d581639c97ab1b
0,        636,        636,        1,  6220800, 39ed8c97b73e4b698eafb1dc289d7d2e
0,        637,        637,        1,  6220800, 5f35bfb62cb377786a05067b5c9b6d80
0,        638,        638,        1,  6220800, 2e3df597b8d96ddf260a9dba581840e0
0,        639,        639,        1,  6220800, a65f10183446fb32837bbfcccbc48ffa
0,        640,        640,        1,  6220800, 51bab6ec9fcd0aaf4af878fb28f35938
0,        641,        641,        1,  6220800, 6489f4918ffd6a6727eebd8feb46aaaf
0,        642,        642,        1,  6220800, 9fb70def4c1fdab0c5214fd728cc875d
0,        643,        643,        1,  6220800, b1bbe1379e4eb50d834658a8d89b7864
0,        644,        644,        1,  6220800, 147dfadc2950c0546fd4e817ff7b939c
0,        645,        645,        1,  6220800, 730f6c41cd81b03d33615aa92ea9db5a
0,        646,        646,        1,  6220800, 93aab19d6612c971b371309ffe79702a
0,        647,        647,        1,  6220800, 6b8e7de70b451b4bd65e4984364d4d30
0,        648,        648,        1,  6220800, 906f0a8cff2822bf1c0b3e973930f816
0,        649,        649,        1,  6220800, 5e5fa66ab153cc8a4d7a0def25080cdc
0,        650,        650,        1,  6220800, 610f91eb2c154ddc99a2827e7282414c
0,        651,        651,        1,  6220800, c2b025865da0e6282328067f076208e8
0,        652,        652,        1,  6220800, e16b0606eb223a26c9bcf53412528fca
0,        653,        653,        1,  6220800, 6261d4590e8a95bb3e610d556157bdcf
0,        654,        654,        1,  6220800, 0af8e953fd9a6176aa28e0ea3f7692b3
0,        655,        655,        1,  6220800, 9e25734c166ed38a47d3a177a70791e2
0,        656,        656,        1,  6220800, f49ac44406f587d06d22ceeb90b5160d
0,        657,        657,        1,  6220800, 243718e3e8b67b65bbc6fb17916264e0
0,        658,        658,        1,  6220800, 958fbdf83717307628a141b1f992b33e
0,        659,        659,        1,  6220800, a05b89cb3d4331a488bf17d3975213fb
0,        660,        660,        1,  6220800, a1e2cc736f64373ac1d76343c404836d
0,        661,        661,        1,  6220800, 7993062ae712e78b6ebd8a93b86e3505
0,        662,        662,        1,  6220800, 2239edde6ea649c9103f268a76833115
0,        663,        663,        1,  6220800, 23ca1e1d18e0c4e191821c01a8af2cf8
0,        664,        664,        1,  6220800, f250aa5558d276ae6ae196e2fab95d6b
0,        665,        665,        1,  6220800, 83ab7485197bfb979b83a922c6675f6e
0,        666,        666,        1,  6220800, 778b829586322372fbaf06df93fc8ed0
0,        667,        667,        1,  6220800, 9583e9045bcb878e45149422288fc334
0,        668,        668,        1,  6220800, 13214b48767b3a9de4498796b6ff749a
0,        669,        669,        1,  6220800, 6e600d3961621593b48d508409b77e94
0,        670,        670,        1,  6220800, 340d7e68c09034b17206d2d166f8e576
0,        671,        671,        1,  6220800, 5525d57d09090b7c37be3bbb1030bfe4
0,        672,        672,        1,  6220800, 8a539c196967737584ce18a91aaa1744
0,        673,        673,        1,  6220800, 138752f21f70ede4e31299c2179717a1
0,        674,        674,        1,  6220800, b36b1b16353c0f752a79572547938e8c
0,        675,        675,        1,  6220800, 66c9968344ed5e45e38e37d0ea9049e9
0,        676,        676,        1,  6220800, 69736ff8c3e197a3c953a4e1b082d8a1
0,        677,        677,        1,  6220800, 6b590feb7021a9f894765a6ddc3e3c2b
0,        678,        678,        1,  6220800, fc47d962fe3e7cd0d37bc26e87bb502f
0,        679,        679,        1,  6220800, 12651b13c94736458f5de049da2e3bcb
0,        680,        680,        1,  6220800, 82ab994b828462e901fb79db9d9c36ef
0,        681,        681,        1,  6220800, 265f08c5923299d0239731dbd6ac5a93
0,        682,        682,        1,  6220800, e40efb066b125d833f73dc66fdbb078b
0,        683,        683,        1,  6220800, 8557465155428edf2c1c6c3b4f314a62
0,        684,        684,        1,  6220800, 6017aa0df69c121d9764e0814889891b
0,        685,        685,        1,  6220800, bc2be30c342cab9e97fc7d5b9057ed01
0,        686,        686,        1,  6220800, a8ec696373ab7fda1e10ba19235a0f73
0,        687,        687,        1,  6220800, 4d2b5d4b63aaca2d741bb994d5734312
0,        688,        688,        1,  6220800, cafa804d860f4fb6e9f22033e66cc8a6
0,        689,        689,        1,  6220800, 3ff0f66144fcb0025409eb8bce60f457
0,        690,        690,        1,  6220800, bd4d61fb4df4cae5cc3bf0de7e4a825b
0,        691,        691,        1,  6220800, 41eb13031dd76e3fe2acf68f20a2f959
0,        692,        692,        1,  6220800, 4122ea0170ef098437c25a9c085570a2
0,        693,        693,        1,  6220800, 68ed33388debf502b99df82f423d2ddd
0,        694,        694,        1,  6220800, db26f66364750521057af3b97f94de0b
0,        695,        695,        1,  6220800, 42c62dd18f64e327f9391fafc8e0bce7
0,        696,        696,        1,  6220800, d8e53598f681ddba895c111e3a6c339c
0,        697,        697,        1,  6220800, f8e5f7b32370889c9067ed320a77485c
0,        698,        698,        1,  6220800, f8e5f7b32370889c9067ed320a77485c
0,        699,        699,        1,  6220800, f8e5f7b32370889c9067ed320a77485c
0,        700,        700,        1,  6220800, d8e53598f681ddba895c111e3a6c339c
0,        701,        701,        1,  6220800, 28ea901d750054a570b3c111aef5d1fe
0,        702,        702,        1,  6220800, 3e933b0443a2d82b9e0ca9a3f9c2e168
0,        703,        703,        1,  6220800, 91606faf217187c4311f901c4b3f1447
0,        704,        704,        1,  6220800, d0c772af4a1a434944c4f5efdf37d837
0,        705,        705,        1,  6220800, 848f2300bd2f53a25fd4b07a11b5eccd
0,        706,        706,        1,  6220800, 3d0143a0cb62a07425436a58a19a756d
0,        707,        707,        1,  6220800, 12468f4ea7d4235fa791ce1ba872829e
0,        708,        708,        1,  6220800, 4ceff6524531fec568f8e5acd5a6b7e9
0,        709,        709,        1,  6220800, 3b6a5d1f353dbd29f7640c764f844e71
0,        710,        710,        1,  6220800, 424d09fa436b01722e34672dc3b62e14
0,        711,        711,        1,  6220800, 96653b079d493fdbb163b407c00eb5c8
0,        712,        712,        1,  6220800, c9d8710400d9f3177111dba4416845f4
0,        713,        713,        1,  6220800, 92571e2609684c9274fe7c029bf2f363
0,        714,        714,        1,  6220800, 325e1945cf7982c1610f2c9dae7e601d
0,        715,        715,        1,  6220800, f6ee27bd368880218d936ec4acece167
0,        716,        716,        1,  6220800, 9e656ac39d7ed75acdb1e9ca077015e7
0,        717,        717,        1,  6220800, 0e29635a28d38190b952a75ed89008f2
0,        718,        718,        1,  6220800, f63daf943bfb18f076a35f77f2e1c5f7
0,        719,        719,        1,  6220800, 8b252ddeb41ce7472a643cd6ce5f183b
0,        720,        720,        1,  6220800, 61068c661242d5dd01965c976727b5cb
0,        721,        721,        1,  6220800, 43e967effe65824af98f8b5bb2db41ce
0,        722,        722,        1,  6220800, c7f1867e59b343dbfec14fec28f8775a
0,        723,        723,        1,  6220800, a26ba2e3ae0628104bae7b1f84c33518
0,        724,        724,        1,  6220800, a8300ee1cc0ea01ba9be24e6b39bfb73
0,        725,        725,        1,  6220800, 9a553e7e39d37953a9d579001db285df
0,        726,        726,        1,  6220800, 93b5704c2e37f9ea73d4c9b26d376733
0,        727,        727,        1,  6220800, 06b5424eb97c2444d3d90430e2cc2213
0,        728,        728,        1,  6220800, 349a2ce3ceeae46633c89aef967f75eb
0,        729,        729,        1,  6220800, 8d67c97b8eb2f52886f7bc0ea492c153
0,        730,        730,        1,  6220800, 6b4e7aeb147b8a6634f679395eb9ba2e
0,        731,        731,        1,  6220800, 4f72b4fb101c7309769cf64d6117b6b4
0,        732,        732,        1,  6220800, f658710f56a24a4859300414964867e3
0,        733,        733,        1,  6220800, 61aa48e2d83e55f44722f35049e15108
0,        734,        734,        1,  6220800, 63d7d87a041952bd54aab8c29f0e9df4
0,        735,        735,        1,  6220800, 6901e587d6d956607808324a73db5cbc
0,        736,        736,        1,  6220800, a12c7c972492d3aa390fce3b776a58f4
0,        737,        737,        1,  6220800, fae759cc3fcd38ba089c7dce5a480a4b
0,        738,        738,        1,  6220800, 1e1bdd66a28e86a02f53c99889508fc1
0,        739,        739,        1,  6220800, f073733c64d9a26ca2bb8b5ef021f9b1
0,        740,        740,        1,  6220800, 02a11621c0bbd5b999dad77ab20a4f78
0,        741,        741,        1,  6220800, fe8d0bc8c66cd7c0b82bdd5f6cad76e5
0,        742,        742,        1,  6220800, f234bfd33c90acc6148b96d29bc7fcb3
0,        743,        743,        1,  6220800, 15414401dc6fea8b70ebb7893792d05e
0,        744,        744,        1,  6220800, 3aa8ce859c7f7e5d523100246d2ddbac
0,        745,        745,        1,  6220800, 2c1782c2d6c721cac911bdd3a8003001
0,        746,        746,        1,  6220800, 860d4b045d259acb15772793a8a514ef
0,        747,        747,        1,  6220800, 676d0247db0ccc27e0c6634083d16b61
0,        748,        748,        1,  6220800, 2255fdb0433ce647c5c9ca8978321fd7
0,        749,        749,        1,  6220800, 6017feb8000c15a030bb587a06649856
0,        750,        750,        1,  6220800, c17b1c008fe658a39ccb76da97c6aeb1
0,        751,        751,        1,  6220800, f96aa2d0ce638da7046014b5dce4de1b
0,        752,        752,        1,  6220800, 164437fa3548913ed1ca6e838706fb7d
0,        753,        753,        1,  6220800, f87086f86c31215aa0f7ed989012d756
0,        754,        754,        1,  6220800, e6dba60f3afc13f6f208b42f823a59da
0,        755,        755,        1,  6220800, 4b2507a8d614df7c1f99b4030f5bed56
0,        756,        756,        1,  6220800, 1285f2bc786bde394d9f54442e75da43
0,        757,        757,        1,  6220800, 3f8c12850a549657e0cad65b53eae0a6
0,        758,        758,        1,  6220800, 3e6a8e7e79ed2dccaa0ff359ece32114
0,        759,        759,        1,  6220800, df4b0f41531d3d765bb21cd8df10cf6d
0,        760,        760,        1,  6220800, 239a7002c5a52a3f62a1c7979021699b
0,        761,        761,        1,  6220800, 9a4d15c8de1685a8a3829eb77fa97057
0,        762,        762,        1,  6220800, 64073e806cb0c4da095280065d29b7a4
0,        763,        763,        1,  6220800, ef37f904b03d651e5ce01b2fc4daee4e
0,        764,        764,        1,  6220800, 5d60adae7ebcccba9b70be865895a737
0,        765,        765,        1,  6220800, fa46c45d82551e3d36fbfe445ec12de8
0,        766,        766,        1,  6220800, 89ef1c25c54778a591020320677555e8
0,        767,        767,        1,  6220800, e766c3dc6603faf11fad446a0ff1abf6
0,        768,        768,        1,  6220800, 51cb41d18263e3df8f3fcb8a5d6ea985
0,        769,        769,        1,  6220800, 79e3b5a19e4d7b8746504bc95f3934aa
0,        770,        770,        1,  6220800, f027b0519dfcf4d921cdcca36fc0e05d
0,        771,        771,        1,  6220800, 6e631f7045a6e7367d7c4553095a0197
0,        772,        772,        1,  6220800, cd54186e09264f4c9ff353f85f681e9d
0,        773,        773,        1,  6220800, 6136c2349f92102e08d7c608466beac2
0,        774,        774,        1,  6220800, b5bba2886aad0931588ac29cca010e70
0,        775,        775,        1,  6220800, b8db509546e8d9357738d544e099384c
0,        776,        776,        1,  6220800, 7929d2bd3443eee88cd0daba755aef64
0,        777,        777,        1,  6220800, 164eb295cb20db0a601dc9cc8cc54ba3
0,        778,        778,        1,  6220800, 372d5e69b9fad92710aa1c7781b4a66b
0,        779,        779,        1,  6220800, 6d9cf498c9569c77a0752cb374e799e9
0,        780,        780,        1,  6220800, e7966803bfdd7595ffd7622307d776b0
0,        781,        781,        1,  6220800, d39d9a692a6728572f709875366f0ea0
0,        782,        782,        1,  6220800, 6579be64f600258eadd3d43ce1a43a35
0,        783,        783,        1,  6220800, d634ffcbb2df78b6ddd94057387e1d49
0,        784,        784,        1,  6220800, 0bdd3759b7d32707d7f65e4bccf7a723
0,        785,        785,        1,  6220800, bb5256d0f173294ea108c0597d25a540
0,        786,        786,        1,  6220800, 207d6ce66b65ef9368398b4229b57ad1
0,        787,        787,        1,  6220800, 88c9986d2d8ad3c15f3ff3ad6697f21c
0,        788,        788,        1,  6220800, af70160bd14259105a1dd64a7f428835
0,        789,        789,        1,  6220800, 16ed72fa40b39850e26b1466ec3748cc
0,        790,        790,        1,  6220800, 76ba3553ae6bd23b0e01337298d20897
0,        791,        791,        1,  6220800, 7014c7e0af77c390caebf5a76f1110c2
0,        792,        792,        1,  6220800, 1c80af8dbee192512af02b645634016b
0,        793,        793,        1,  6220800, fe8bb2e7e713dedc95ce99ce9cc84887
0,        794,        794,        1,  6220800, 3bd1ea0b152d05d1d56b99fe465b2483
0,        795,        795,        1,  6220800, f2f0d0ac4909740fec7b2c4e6360202f
0,        796,        796,        1,  6220800, 523881390ad5b4f6a3893e5ba3b75aac
0,        797,        797,        1,  6220800, 7a37a0768ae83003e082d4ef731d02ee
0,        798,        798,        1,  6220800, bd548cd397b8ec5ad665e2842ed93f56
0,        799,        799,        1,  6220800, 2395c10795be3f8757ae2136f3092700
0,        800,        800,        1,  6220800, 2544bd8a51a06fc1a486d1b1e82f6784
0,        801,        801,        1,  6220800, 5064846a94afa995530242747d75a305
0,        802,        802,        1,  6220800, a116a3d1c01d6f6454df73e73eed5e6e
0,        803,        803,        1,  6220800, 28d1108dc071645c1c7c2fe0e1c6d5e7
0,        804,        804,        1,  6220800, 38e25a01a3856877e1810b2904244115
0,        805,        805,        1,  6220800, 31c28bb24a68b790edc941837dca5d96
0,        806,        806,        1,  6220800, ed843fb8b61f0dd5b4d3090208c36763
0,        807,        807,        1,  6220800, 82d094e524a4dfd7446dbf7e7b164c5d
0,        808,        808,        1,  6220800, c4f6599f801c1a78f9d6d5acba425470
0,        809,        809,        1,  6220800, ebb6a3798761dae788bdaeed124d78d3
0,        810,        810,        1,  6220800, 53d77e4976f87a43d110d5d58ad9d9e9
0,        811,        811,        1,  6220800, 165360af8d136286320c0c4cd80d4acf
0,        812,        812,        1,  6220800, 69a574bba030f0badbe8f0859f3aaa67
0,        813,        813,        1,  6220800, 1dc58b12fe5116d6ebcc0bb7d3b7e5e1
0,        814,        814,        1,  6220800, c22cdd33d0a7695e667ad34d2c6dbf93
0,        815,        815,        1,  6220800, 3a764dd83b63baadcae227180a9e148e
0,        816,        816,        1,  6220800, 0b570f41dfc8c804fbd24ac14e62478a
0,        817,        817,        1,  6220800, a9a762ef3a9608a8b76350da6f21b54e
0,        818,        818,        1,  6220800, 1f92ca15205e46d44a0debc651b5c788
0,        819,        819,        1,  6220800, bcab4b1e048b8c1c21f0d0ce6b59d45d
0,        820,        820,        1,  6220800, bb36c0a6b4374d4b6c311dd62d70b10e
0,        821,        821,        1,  6220800, fa93d81747bf3a5783e5739c67aee00d
0,        822,        822,        1,  6220800, 0889bc87d132b02518d1b32bd6f36115
0,        823,        823,        1,  6220800, b2b7c3183812fe917b8ebde5c52598f4
0,        824,        824,        1,  6220800, f7403dc37040cf7d1cfeb19d161493c4
0,        825,        825,        1,  6220800, f2ecc7aeeadc43023319a427eb6dc5e9
0,        826,        826,        1,  6220800, 0f197165230817628d62f6c53c13ac0e
0,        827,        827,        1,  6220800, 1565fb0b82affa97cf472a6ab9c19305
0,        828,        828,        1,  6220800, 051933260cda9d6a20c58c4307501e8f
0,        829,        829,        1,  6220800, 3f0d09ec186c138f8e10703031289bf8
0,        830,        830,        1,  6220800, d37946ab431ef64c959f88512b166875
0,        831,        831,        1,  6220800, ad8700c988962791ab47f271c48d710d
0,        832,        832,        1,  6220800, 495fc37c2a83818fe562a6667a7a78ee
0,        833,        833,        1,  6220800, 9235b54ee47e0bc63abb39bf4818dcff
0,        834,        834,        1,  6220800, 45719b49a9d138efbd0f572cc825080c
0,        835,        835,        1,  6220800, 8220ce74bc22a265600ac0043be1acb2
0,        836,        836,        1,  6220800, 95f869aaa317a9eabb75d84f93eb1c22
0,        837,        837,        1,  6220800, 0a17f6dd34f30a8c6fc46ce1aaa216b9
0,        838,        838,        1,  6220800, 06640e20716246621f0652a26d3b620d
0,        839,        839,        1,  6220800, 6693fbfb4e8bfde54f83bbf579a82228
0,        840,        840,        1,  6220800, 61182c89b4036506dd115135fff648c3
0,        841,        841,        1,  6220800, 8ba90a9190acd429677efc55bb879597
0,        842,        842,        1,  6220800, f6a9288fea06311a28ab79bb6f719854
0,        843,        843,        1,  6220800, d5a70e2cb0a094ef6e3ee60332af419a
0,        844,        844,        1,  6220800, 625284412a89cb5aaaf3c085c159dcff
0,        845,        845,        1,  6220800, f7106a213a516d7a639bbeb312dd6e04
0,        846,        846,        1,  6220800, 9419c6d24454fa94dbe376ab4159ea81
0,        847,        847,        1,  6220800, 79a097b01bdecfd7aad4758e6901c1ba
0,        848,        848,        1,  6220800, 754de6f85f3f7aa688c48a3686aac0d1
0,        849,        849,        1,  6220800, 2f761dc56ed9a19b4e6ac712e5e144a6
0,        850,        850,        1,  6220800, 291676f272c3ace8ecbfeb0757dbca7c
0,        851,        851,        1,  6220800, 3237393c6dd67fcaddff645b5363b6f9
0,        852,        852,        1,  6220800, fa2a4565763600c0dbca07be346065ce
0,        853,        853,        1,  6220800, 728675e63614c231ef8bd31aafcb2e8e
0,        854,        854,        1,  6220800, a4897793867e6247660e8891fdec815a
0,        855,        855,        1,  6220800, 560f46975be2b271150e3243551b04b4
0,        856,        856,        1,  6220800, 9472829cb317ecc48c61c778e93eab5f
0,        857,        857,        1,  6220800, b060350ae1a32d43ce36927e01ec6ab8
0,        858,        858,        1,  6220800, 2b7551bfb85e25217330f018d4fa278b
0,        859,        859,        1,  6220800, f24e171cf1f80023ddb22eb43c717f2d
0,        860,        860,        1,  6220800, 4a6d6c0ebec622142eba34ecfc708b5f
0,        861,        861,        1,  6220800, 633898278ad951d826cfb77b00367df6
0,        862,        862,        1,  6220800, ff013ea384f7a1b55c3ce81d60df6a9b
0,        863,        863,        1,  6220800, 50cee3ae4a7bbccfec05e89fa0c1a0c0
0,        864,        864,        1,  6220800, 64c2d47c9ea5fe560b9e8f283eea63aa
0,        865,        865,        1,  6220800, f337a1058f2c39b87379f4acc8f0d48b
0,        866,        866,        1,  6220800, 08cd1e06634aff2b349b3f9f152e4e0f
0,        867,        867,        1,  6220800, 0956167bfe5a25fa5eee817fc28bba68
0,        868,        868,        1,  6220800, 5d0981761d64b1dcf44438b0caa6a5c5
0,        869,        869,        1,  6220800, d300f5ecf49b4747ac811a6c95b1b72f
0,        870,        870,        1,  6220800, 737b0de2b1b230e33584de1019808fbe
0,        871,        871,        1,  6220800, 1b29d349213d9e90141c7acc0f7c33ab
0,        872,        872,        1,  6220800, d1e6fc50cba39c53c4f35721a7624808
0,        873,        873,        1,  6220800, 7ce375281fc6b7bd57564dbfae13cc83
0,        874,        874,        1,  6220800, 2685341e535e2a80f103d1ec0cf6af18
0,        875,        875,        1,  6220800, af431950b9223067d89e895e692d9966
0,        876,        876,        1,  6220800, 21c991d7a37616fcf456f8fed9448a2c
0,        877,        877,        1,  6220800, dd042c8fa07d86efb34831a753de75c7
0,        878,        878,        1,  6220800, a03b0c1f4f628902ed927c7872479e7e
0,        879,        879,        1,  6220800, c6cd32c659e0b4db0460c6753885dfc6
0,        880,        880,        1,  6220800, ecb741f158987225cc09ce1ef39c77db
0,        881,        881,        1,  6220800, 438303a1bb0540e14b7d3793a0c86f61
0,        882,        882,        1,  6220800, 1482b5490a67b93e376a88da58bc3d83
0,        883,        883,        1,  6220800, 7ded6a2bed214979a18026573e228f54
0,        884,        884,        1,  6220800, 2a6c169671894108542a73678a213edf
0,        885,        885,        1,  6220800, 792a7cc84a0336c1d0d2d3c0757c26e2
0,        886,        886,        1,  6220800, 53485a1a7c6debe4e875d3d971c4afeb
0,        887,        887,        1,  6220800, 51e23f5e517e3bf8e0e13aaf81b1dad6
0,        888,        888,        1,  6220800, 1b427d3b848eb594501045057af21dd7
0,        889,        889,        1,  6220800, 54e6280bea0cd40b28a75869e45d4340
0,        890,        890,        1,  6220800, c2360b8b3764261c290c5d4af36d7569
0,        891,        891,        1,  6220800, 1c90df9c3b8727609540e018e1699ae6
0,        892,        892,        1,  6220800, da2b56e2ab7192ae57725c7a3c58e839
0,        893,        893,        1,  6220800, 1a91b45ce89e66ee6f6dc00dd3666aaa
0,        894,        894,        1,  6220800, 86a4689203a43a267d0885543cdea2c8
0,        895,        895,        1,  6220800, 33c1eb5c9432167d18fb05c27d048096
0,        896,        896,        1,  6220800, fe2360e8ae3b278ed6278e61e639ab2e
0,        897,        897,        1,  6220800, c22a3750a105629d945dc6c6f06d7718
0,        898,        898,        1,  6220800, ddba5ff324b7e04d1ddb88dfafd4a48e
0,        899,        899,        1,  6220800, 1ebe6bc7ae38db6a22e719c8fd9d63c6
0,        900,        900,        1,  6220800, d675e63960e1a4db4b5dcada511966ed
0,        901,        901,        1,  6220800, ccad1576b6ff0b2faa60b564a5ffa908
0,        902,        902,        1,  6220800, 5200671348ac240a46004947772cbc20
0,        903,        903,        1,  6220800, 445f59bb3f6e7e3bcf53e6211be21fe2
0,        904,        904,        1,  6220800, d5da76a38a8e51be912ad69ccda74673
0,        905,        905,        1,  6220800, e395c439c8138dd0933e911e6fb57614
0,        906,        906,        1,  6220800, 5019c9ac58b567495874223ae8d3ed5b
0,        907,        907,        1,  6220800, de1cee359dd4bdd301dd1a5f09dd7972
0,        908,        908,        1,  6220800, 0cd7d368335104d2721458365740727a
0,        909,        909,        1,  6220800, 9acb5c6186c1fe2668fff8bec2fb2938
0,        910,        910,        1,  6220800, 7922a27cdfb01e5bd295fc3858a1051e
0,        911,        911,        1,  6220800, 3c0ad42746328086d98873c16af2e5f5
0,        912,        912,        1,  6220800, 677e781b90663b55e21a82d6af87d8d3
0,        913,        913,        1,  6220800, 7e3991c2ea11fff240242e6f84685a36
0,        914,        914,        1,  6220800, a77515a4cc0a5505d329b9e87e050f85
0,        915,        915,        1,  6220800, 51c559fabaf5e12b9916f33f02028add
0,        916,        916,        1,  6220800, 3508909e55dd1eee53ae87d6456b3caf
0,        917,        917,        1,  6220800, be663909472c3aa451f37e7f50c99f0a
0,        918,        918,        1,  6220800, 4d04e2f2431fb56e3865bfb7cdaf6067
0,        919,        919,        1,  6220800, 999114862dd28a29425f12ef9eeadcfb
0,        920,        920,        1,  6220800, cebf69fb5d8d40603d78296a6fc581e9
0,        921,        921,        1,  6220800, fdf9f6b3585515aa8a11fc6f562e7db9
0,        922,        922,        1,  6220800, 512f2d7d29f922f07f6809c9ad10e282
0,        923,        923,        1,  6220800, 45d257a240b23eb102d2f3a33e64bab5
0,        924,        924,        1,  6220800, f87a781c7426de25580dc93b46246de7
0,        925,        925,        1,  6220800, 353c7c17ea0c2e69d9c2dda56bb624de
0,        926,        926,        1,  6220800, 83a3633533fc6e6be67496baadcf270a
0,        927,        927,        1,  6220800, 78f54d36b6e6c9db81eb7cbe9140908d
0,        928,        928,        1,  6220800, fb758847a4edbb934dade7d989bcedc3
0,        929,        929,        1,  6220800, 1472f6f36e86b14fa68f19979049ca5a
0,        930,        930,        1,  6220800, 5737712b217975c33f3042159cb4cc90
0,        931,        931,        1,  6220800, 92c3132cab6177c0e91710c087bb9674
0,        932,        932,        1,  6220800, bcd6aff308eff0875123b99ac9c9beec
0,        933,        933,        1,  6220800, b138de32bd6952d5645a50e31102c739
0,        934,        934,        1,  6220800, 0fab537631e6fd698973a0041156c72a
0,        935,        935,        1,  6220800, 8f2bcb0899f0e3eb941ebb10d2ca72a1
0,        936,        936,        1,  6220800, 68ad49212a5bd42ebc06dde0a14cdf54
0,        937,        937,        1,  6220800, d6b85c4b729c3c9f9b4cbb0319846b64
0,        938,        938,        1,  6220800, 5d328faba336ae8ac103773d922824fa
0,        939,        939,        1,  6220800, eeb095521e3817737629ae9283e0873b
0,        940,        940,        1,  6220800, c5436acc83aadafbb4b9502972ac9890
0,        941,        941,        1,  6220800, cfdc43055066d903cf96c90f29013708
0,        942,        942,        1,  6220800, 46d0c22e18d16595ac54cd6c712a3d51
0,        943,        943,        1,  6220800, f98e7867471983e86c451607f9a2f4ec
0,        944,        944,        1,  6220800, 500f30aa6df9daf986872cf80b13cf3e
0,        945,        945,        1,  6220800, 5beeaf1af4ea0f297c5e5dabda055f6b
0,        946,        946,        1,  6220800, 4cb218363e8e82d5538f1d99d968c15a
0,        947,        947,        1,  6220800, 67fefab3bea117015169670991e28122
0,        948,        948,        1,  6220800, cb3d28e0b74d39bad265a095f94a1fbe
0,        949,        949,        1,  6220800, 5024fc243fc34fb8cbc2fc6e6aca6d71
0,        950,        950,        1,  6220800, 28c52a0aefbb7b4543b213c96f11a41e
0,        951,        951,        1,  6220800, 63111c90f58e5d08ac21f06924b6d89c
0,        952,        952,        1,  6220800, 0f2ec0476b6802e65e29a684e8f25aef
0,        953,        953,        1,  6220800, 00e87521442f2b94e9820f1e7a8f9ff0
0,        954,        954,        1,  6220800, 36c3d21144d600a025990d49cf5c737a
0,        955,        955,        1,  6220800, fd79684f7f4370d170792fa22b9dae82
0,        956,        956,        1,  6220800, cab0d8a1a0eb6403d691053b54abfa5e
0,        957,        957,        1,  6220800, f7f9d5a73d4eeec96dddfba95476f344
0,        958,        958,        1,  6220800, e9d37ca505a10f47dc9fd5bf7ac42a4f
0,        959,        959,        1,  6220800, 84567c2c9c6c79242d75820a9093df9f
0,        960,        960,        1,  6220800, f5a8e7df16e171a244855e95e6dba617
0,        961,        961,        1,  6220800, ca244d1d66f9cb5617f0fbeb5b39af26
0,        962,        962,        1,  6220800, 0a10fe0ea18b158e2afb3e97643925ff
0,        963,        963,        1,  6220800, cf59e81ea5c35ad2534d34990b91966a
0,        964,        964,        1,  6220800, f65c8ef8af183fdfac84e1a823861947
0,        965,        965,        1,  6220800, 3c29a35f9225186dffb6ec8c624d5797
0,        966,        966,        1,  6220800, 8f45d87e75afe6173381bb250e7478db
0,        967,        967,        1,  6220800, 67701e3a7aed32a3b6dc63ddf5457602
0,        968,        968,        1,  6220800, 6da193bd7263fa9c67b79c5639a8c658
0,        969,        969,        1,  6220800, 4a9dcfe62e270aec14083bfba2cda433
0,        970,        970,        1,  6220800, 6788db5a00d786db29dc631439730634
0,        971,        971,        1,  6220800, 4d7f733cd2a4728d28fee1b06fd82661
0,        972,        972,        1,  6220800, cfec58a247d959918c7f8be7dac85060
0,        973,        973,        1,  6220800, 9069b87b97bb04f670f1deb80655fc69
0,        974,        974,        1,  6220800, 4eaa40a48c42aed96f71d608a57dc83c
0,        975,        975,        1,  6220800, 686e06d86fe811eb0242fd1df052878b
0,        976,        976,        1,  6220800, 2afd0486f6cc6ef493c95d9dd679ccfd
0,        977,        977,        1,  6220800, 26acb6786a9b8925ff58b0ad78680237
0,        978,        978,        1,  6220800, 3b0ba645d77a2513a19721fc32bbdb6c
0,        979,        979,        1,  6220800, 5e6a28d9b57367e026998c3bbccb62df
0,        980,        980,        1,  6220800, 9fea6897462b9e87de050e0bf63497c3
0,        981,        981,        1,  6220800, 6be5180e6a3d52d60a84bb4e717f94fc
0,        982,        982,        1,  6220800, 8e033985bfb5e2aff8205fd1c716f90b
0,        983,        983,        1,  6220800, 03753a96d10c6730f82de271c3080092
0,        984,        984,        1,  6220800, a5ecffdbf0f3f8b4fb763fd97cc3e3c0
0,        985,        985,        1,  6220800, 2be17fe2fd899c0a5d175b16fd8ed9f4
0,        986,        986,        1,  6220800, 70421f12bba470d3cd3edd032bc691f5
0,        987,        987,        1,  6220800, 25ff77f52d1cb07d4b2e3e2356dcf142
0,        988,        988,        1,  6220800, f4a0d9b90937d61f5516cd696ebacbed
0,        989,        989,        1,  6220800, 30c786ad482e1b2368c18f8cc3aabd83
0,        990,        990,        1,  6220800, 80ee4c06fd68b522168e85aa2a527256
0,        991,        991,        1,  6220800, 2e6fb3131369ad2c12b97c81de06dbce
0,        992,        992,        1,  6220800, d85988d22cd760eec1509038496dfb1c
0,        993,        993,        1,  6220800, 0c4f345703c865c3dec9cea91a7bf81c
0,        994,        994,        1,  6220800, 8b55bb1dd13ed7edf6a0d837a6e03fed
0,        995,        995,        1,  6220800, c29789fb082a46e8355026c9af7cf5b2
0,        996,        996,        1,  6220800, b0ca39c0155d4dfc524e9b859ad51dc6
0,        997,        997,        1,  6220800, ee6b0fce2cf8c3dc1daf4bffe80fcf97
0,        998,        998,        1,  6220800, f1735fde9b50fccc5ea4c28ca567088e
0,        999,        999,        1,  6220800, f3513d0c6a83fcdd3b79f5cfeec054e4
0,       1000,       1000,        1,  6220800, 2de5f6f07d9179c295c5d101b7c92c4a
0,       1001,       1001,        1,  6220800, 097cf0c35194e508ece66f377eb7f678
0,       1002,       1002,        1,  6220800, 49bef51583e0f0572e1dbbf42e278753
0,       1003,       1003,        1,  6220800, dd9eeea19f9bf1d074e2182da552422c
0,       1004,       1004,        1,  6220800, 30b33d6fad334d6b5fe3221ef5f685be
0,       1005,       1005,        1,  6220800, 08e161b244d7b72f53c32fa723b9faab
0,       1006,       1006,        1,  6220800, cd54cf96c826b971e6d421315f6c4c38
0,       1007,       1007,        1,  6220800, 53501cdfe73643d4b1c39c98194e0fd3
0,       1008,       1008,        1,  6220800, cbd4f4436bc27cd97bd3ad780856c95e
0,       1009,       1009,        1,  6220800, 36048470764d5ebe4052ef516120255f
0,       1010,       1010,        1,  6220800, 6f2b5511afbde3f37fbbc356247aed5f
0,       1011,       1011,        1,  6220800, 17fc0e7626e8661fa7bc651c939c63f7
0,       1012,       1012,        1,  6220800, 11995a45324285d9f24d754c1c698ba5
0,       1013,       1013,        1,  6220800, b010638cc3ba4edfd27619643678d01f
0,       1014,       1014,        1,  6220800, 4e1ac7e81ff333177786de76c4b4464d
0,       1015,       1015,        1,  6220800, 1ea3929f3cf2ff023552733a2864ad49
0,       1016,       1016,        1,  6220800, b6163c49f7cc3760cfd057e7cf70a626
0,       1017,       1017,        1,  6220800, f5699a8b2105430bb1705970a51a4869
0,       1018,       1018,        1,  6220800, 3f2de62958d5b578544922eeb8ff2969
0,       1019,       1019,        1,  6220800, 1bc5b41d827cb5078b44f6fc1324d5bb
0,       1020,       1020,        1,  6220800, 76bacfb72c9e9f8fd7156bc86096ddba
0,       1021,       1021,        1,  6220800, 08825315e44eabd6089ba0752874198e
0,       1022,       1022,        1,  6220800, dbc23e46eef720db2def62f40b001835
0,       1023,       1023,        1,  6220800, 0e66e7eae42dec90e19722a03c376862
0,       1024,       1024,        1,  6220800, 5606af4d80bf4910e1cd209fabd3828c
0,       1025,       1025,        1,  6220800, a5b6c53599c3a259fc72f2499f84db36
0,       1026,       1026,        1,  6220800, e1b532c26f1a569c38c32a843c730315
0,       1027,       1027,        1,  6220800, e481228f0cc32c7954f9dd7deb41b2fd
0,       1028,       1028,        1,  6220800, 58a7f4b9e5d684210ee77899dfd4e860
0,       1029,       1029,        1,  6220800, 4d5bba63157ded9177c44878fcb52e76
0,       1030,       1030,        1,  6220800, a9c12d860241d27703fb0aa353a6e6c2
0,       1031,       1031,        1,  6220800, eda23fc90709e285b654ed864061cdd1
0,       1032,       1032,        1,  6220800, 063464a99a9990d18164f64e7d5976ee
0,       1033,       1033,        1,  6220800, e2b3f85a44c372be01207f66d3bec315
0,       1034,       1034,        1,  6220800, c3eb39a1a77cf9dc2fe3b04cd1c8c7d1
0,       1035,       1035,        1,  6220800, 1ef1c89e8969c1c2803d027c36cea6cb
0,       1036,       1036,        1,  6220800, cc80e2ba61749149639c56243224138d
0,       1037,       1037,        1,  6220800, 22f284bd24c5b3ab3b458b5fc509374b
0,       1038,       1038,        1,  6220800, 4986ca12a739dd09c250593863fd220d
0,       1039,       1039,        1,  6220800, 94b708f5b92a70ea42392a7d0fc48231
0,       1040,       1040,        1,  6220800, 1aeb7c5dbd546d2e0e5ae420d4943699
0,       1041,       1041,        1,  6220800, 176f91043c21a819490a1ae17a50376b
0,       1042,       1042,        1,  6220800, 84d17f2a5bf6424d8aad82c653e5f227
0,       1043,       1043,        1,  6220800, 97bcfd7383687345b196d864ec54b2cd
0,       1044,       1044,        1,  6220800, fd0cdce21104fee7fe904742a1e60622
0,       1045,       1045,        1,  6220800, 861e36370fddee4fa02d35e443dcb282
0,       1046,       1046,        1,  6220800, 33b17efe5a80fbd794b7efd5510d56ff
0,       1047,       1047,        1,  6220800, 527201f5461423f2e3ef5fd3bc82316a
0,       1048,       1048,        1,  6220800, 9f002b216617002340b8b822e2896bb9
0,       1049,       1049,        1,  6220800, 4fae2b4b313f4d9fd50ec1efd7e5e4ce
0,       1050,       1050,        1,  6220800, c1a8bfa6643c2c05233c9ce22ff6f5f7
0,       1051,       1051,        1,  6220800, 746269bf34186c1f32cd331eaf681e99
0,       1052,       1052,        1,  6220800, c3e261921ad7e5e7f2f0b558d4d806d7
0,       1053,       1053,        1,  6220800, f92aff705b0cffecf4caa69201f0d898
0,       1054,       1054,        1,  6220800, 4886152d1437a4eb8b05ee099e8c44b5
0,       1055,       1055,        1,  6220800, 51d9c88721d70cb35db60adddc394ea4
0,       1056,       1056,        1,  6220800, d7b5408def0de3778d35e2bb5adf4360
0,       1057,       1057,        1,  6220800, e6d61da43a084f6f5d43aee78da409e2
0,       1058,       1058,        1,  6220800, 5e19139429596778ac13e7d349582d89
0,       1059,       1059,        1,  6220800, 8b3c6ce64ddcf078fec00a2a4a9a0878
0,       1060,       1060,        1,  6220800, 4ebbae120b4743080199d6e188cf372e
0,       1061,       1061,        1,  6220800, 2ffa095728a339618effed71100f3a07
0,       1062,       1062,        1,  6220800, c89b9e4260aaf01c059d379317462bd0
0,       1063,       1063,        1,  6220800, f0021b81c2ad5790be9769ad744921e3
0,       1064,       1064,        1,  6220800, 8bcaa13187ee783cc809239c2ddf086c
0,       1065,       1065,        1,  6220800, f696f70b4c886e37ae3a48f81497eb40
0,       1066,       1066,        1,  6220800, f5d402a7cc4b9cecc83c2f7084d1f89b
0,       1067,       1067,        1,  6220800, eb84a27c9a4ca3348d1920b359b0b6a2
0,       1068,       1068,        1,  6220800, 4e43ef661e608f41f6af5646e091ce88
0,       1069,       1069,        1,  6220800, 00173c0984093500207a15c779df5947
0,       1070,       1070,        1,  6220800, 720ad791f8847551fef4d42f5778f7c0
0,       1071,       1071,        1,  6220800, 0b328d73633eabc09738e3bb233c5f1e
0,       1072,       1072,        1,  6220800, 5250eea611a2f2906974399080317f87
0,       1073,       1073,        1,  6220800, ba9f634deed656fd6e86c7cbbf3611f3
0,       1074,       1074,        1,  6220800, 5dfa8eddd5a024d93754b98c36e11a85
0,       1075,       1075,        1,  6220800, a2df15e67d0fb356d86bd2a704ffbf6f
0,       1076,       1076,        1,  6220800, 6864a65c696dd0f74e03e75a4ed72fb1
0,       1077,       1077,        1,  6220800, ee57e6332fe1a7db64f743c3285a9176
0,       1078,       1078,        1,  6220800, b1dafc555b24383050a01e31fd8e0b74
0,       1079,       1079,        1,  6220800, d58e8d658a82136f90f22a4535152199
0,       1080,       1080,        1,  6220800, f188eb968b52c643c109fe8e14e67cf8
0,       1081,       1081,        1,  6220800, e2128f8b4b6a9e1f71003042058c28e6
0,       1082,       1082,        1,  6220800, c0e6f61702b1b2a47b5c529f8e8f49e5
0,       1083,       1083,        1,  6220800, b97a3023ed57be7710a142b0ca01aa87
0,       1084,       1084,        1,  6220800, 6e3a4700b7cb290866818059e3efb09d
0,       1085,       1085,        1,  6220800, 67635a2eb1678d039dafba1dd48f3730
0,       1086,       1086,        1,  6220800, e2330453c0556fa6460d7e4fb777ba19
0,       1087,       1087,        1,  6220800, 17bf1f063443ac3c72ff04fb3e72df96
0,       1088,       1088,        1,  6220800, d5a466b7be6e33f6b779e36efdec9066
0,       1089,       1089,        1,  6220800, 1ba6033cf21d1d3cea81e41d3ec40f85
0,       1090,       1090,        1,  6220800, 316cd1a9da3589c64fe14eb87b782b2b
0,       1091,       1091,        1,  6220800, 4bb662603644423297171b0baae6b2b6
0,       1092,       1092,        1,  6220800, ae9215eb5697f5b39e676ad4cc8f5717
0,       1093,       1093,        1,  6220800, 25982ba341d3159ca67daf9dc74ecac4
0,       1094,       1094,        1,  6220800, 20a2b23bcf2e8297b758869f3e6ec659
0,       1095,       1095,        1,  6220800, 8cf5a1d0959f84993d586779775c5549
0,       1096,       1096,        1,  6220800, 641ca292a3d7ca5dd60934aa27312240
0,       1097,       1097,        1,  6220800, 6f551df765036c1009ff168841d77f8e
0,       1098,       1098,        1,  6220800, aadda56498f04ccd702fae504f112678
0,       1099,       1099,        1,  6220800, 90b81c78c94b2f58f711420702674d02
0,       1100,       1100,        1,  6220800, 7f27a70114fc80aa7521374a290e52a3
0,       1101,       1101,        1,  6220800, 4ca53ac6890d8971736469290589288a
0,       1102,       1102,        1,  6220800, 25e6b465518310dbf25d34302770d281
0,       1103,       1103,        1,  6220800, bb82c0012283287428c50bb614406d5e
0,       1104,       1104,        1,  6220800, f72a3a9e9ef26217192bb5746ced44a7
0,       1105,       1105,        1,  6220800, f81f64b527dbf94db952fd0531bc2457
0,       1106,       1106,        1,  6220800, fb6757f8cea3252d4eecd1771dcdf671
0,       1107,       1107,        1,  6220800, 53a963e95be15633fc284e65dfa40d9e
0,       1108,       1108,        1,  6220800, 024a6434d2c58734aa9e30827f38a72b
0,       1109,       1109,        1,  6220800, 204021fa86fbc8810807894ae67d445b
0,       1110,       1110,        1,  6220800, b0639465544b4f55c03f943dca577d4e
0,       1111,       1111,        1,  6220800, e89e4cf51505568f43bec8c73e4aca88
0,       1112,       1112,        1,  6220800, 943418e03f54d20d46d7181ae74935af
0,       1113,       1113,        1,  6220800, 1ce5ee06313e538c25038ff2ef693e0f
0,       1114,       1114,        1,  6220800, 2bdf0609afdcb722b491631c4eccaa18
0,       1115,       1115,        1,  6220800, bac5465e9d35904629c36c0d261dd9ea
0,       1116,       1116,        1,  6220800, 7045efdad8bfe1e9963a32969fd0cea1
0,       1117,       1117,        1,  6220800, e2b5b1b093444b1d707900a36ae17592
0,       1118,       1118,        1,  6220800, 7debfa2caab840750c3f031ffa423d9c
0,       1119,       1119,        1,  6220800, 2143e436e0aa7fd386f8ea78fab88a11
0,       1120,       1120,        1,  6220800, 6412bf3c94408c090788622ce9dcaff6
0,       1121,       1121,        1,  6220800, dd8c02d184c05be6cea9d981c10ad862
0,       1122,       1122,        1,  6220800, 4130e1f17eef565da5b46b5c09f69885
0,       1123,       1123,        1,  6220800, b6367aa1cce5604739299523efa54c5f
0,       1124,       1124,        1,  6220800, d82aa20aab776825cd4a640cc61d40a5
0,       1125,       1125,        1,  6220800, 6f1b862a26ba7be291f84fdef9eb26a7
0,       1126,       1126,        1,  6220800, c876c1c4c92927ae8948ede2bfa3f3d8
0,       1127,       1127,        1,  6220800, 403eda26f7faf29574d5b1f27d97b853
0,       1128,       1128,        1,  6220800, f703fdabe056916eacf02e90a35d92d2
0,       1129,       1129,        1,  6220800, 10b3ba2dfc98ba06f8438353fafc3310
0,       1130,       1130,        1,  6220800, bbe587df7b8a9ae8680499856882078c
0,       1131,       1131,        1,  6220800, fd74608839f9b0c8746fc22929c9abda
0,       1132,       1132,        1,  6220800, aa93d589003f9ce90dd59101a1e83640
0,       1133,       1133,        1,  6220800, 080185cf899c7092e5b97709935a294a
0,       1134,       1134,        1,  6220800, a34c8c5d98522096a84673d80802bceb
0,       1135,       1135,        1,  6220800, 963f485dc7b65a40b785710dde443234
0,       1136,       1136,        1,  6220800, 630a6af757841ff733e519d14fc45ede
0,       1137,       1137,        1,  6220800, d5959e5fb127abebc1be64cc75c32ff6
0,       1138,       1138,        1,  6220800, 1caaed046d0afe010ef9cf4f946437c7
0,       1139,       1139,        1,  6220800, 0df8cc88b582bde358397f8884e27518
0,       1140,       1140,        1,  6220800, 93936e71583482374f334182b7b4140e
0,       1141,       1141,        1,  6220800, c562b9d98a35cf01e18d08295cd864ad
0,       1142,       1142,        1,  6220800, c5696c213dd22c8dd4416db9d099097f
0,       1143,       1143,        1,  6220800, 33a1c2dca88f61db218303b28c11947d
0,       1144,       1144,        1,  6220800, e26166ae24cbc18fe37eec6cc0e14841
0,       1145,       1145,        1,  6220800, 02bae97ec1ceec08dabd7d690c865528
0,       1146,       1146,        1,  6220800, ecdc5c1e69213e24d4dbfb7df4e31578
0,       1147,       1147,        1,  6220800, bd78b96d2d13ab6fa71a5788e0ccb2ee
0,       1148,       1148,        1,  6220800, c0685bc9a0ff9c74ee142c3b7ba2e640
0,       1149,       1149,        1,  6220800, f2e5db1ecdce2b13fd6b4c118832f5a6
0,       1150,       1150,        1,  6220800, 41157e9b55e75a2988479a3234d1f05f
0,       1151,       1151,        1,  6220800, d8d095a022d4b4ba0663f5c3d06225a0
0,       1152,       1152,        1,  6220800, 85b333335121d12b58d482b58b20cdb6
0,       1153,       1153,        1,  6220800, c8e7f19c5c7431187b41b81957340e0d
0,       1154,       1154,        1,  6220800, cb5922899e958635e466d13313ca202f
0,       1155,       1155,        1,  6220800, bc6c3d5617527ce11bcb0ed2c8ef1f0d
0,       1156,       1156,        1,  6220800, d78e9b2001c694153e8d8706d8e95254
0,       1157,       1157,        1,  6220800, 8f000d79f9b207e4364295a13934afc1
0,       1158,       1158,        1,  6220800, db65b36d403ad0b2d81abc6eeecfb774
0,       1159,       1159,        1,  6220800, d78bb3efb726fe221e77c422e0082627
0,       1160,       1160,        1,  6220800, f0b9c05ddb073ff038182e6a2369a457
0,       1161,       1161,        1,  6220800, 9c97b89d92c34e5544848a376e6c152e
0,       1162,       1162,        1,  6220800, e2f835467d8f6c2034d935e9a7a2b8a1
0,       1163,       1163,        1,  6220800, 9b3814c1ca76da351e4f8347b0b76193
0,       1164,       1164,        1,  6220800, a161e3faa9dcd70b43df889bff330bb2
0,       1165,       1165,        1,  6220800, 0f9f32abb0b5baf12ed2dcf532f39446
0,       1166,       1166,        1,  6220800, afac455e24096a2248ec18c3f23cb5e4
0,       1167,       1167,        1,  6220800, a83930bdbe688389f15698af2b6afd99
0,       1168,       1168,        1,  6220800, d26bf7a09df564d130a24a61602f1cc6
0,       1169,       1169,        1,  6220800, a6ae657aab865f0e54faa3f43b711702
0,       1170,       1170,        1,  6220800, a50eb7998af524a3ef2c1da816b23798
0,       1171,       1171,        1,  6220800, dd285abdd87c2d44075d112449522d55
0,       1172,       1172,        1,  6220800, c32a4965dd353e82aa639f9a740ca6fa
0,       1173,       1173,        1,  6220800, c32a4965dd353e82aa639f9a740ca6fa
0,       1174,       1174,        1,  6220800, c32a4965dd353e82aa639f9a740ca6fa
0,       1175,       1175,        1,  6220800, 7f2cc085cb43a96e347b52cb068af65c
0,       1176,       1176,        1,  6220800, 7f2cc085cb43a96e347b52cb068af65c
0,       1177,       1177,        1,  6220800, 7f2cc085cb43a96e347b52cb068af65c
0,       1178,       1178,        1,  6220800, 7f2cc085cb43a96e347b52cb068af65c
0,       1179,       1179,        1,  6220800, 7f2cc085cb43a96e347b52cb068af65c
0,       1180,       1180,        1,  6220800, 7f2cc085cb43a96e347b52cb068af65c
0,       1181,       1181,        1,  6220800, 7f2cc085cb43a96e347b52cb068af65c
0,       1182,       1182,        1,  6220800, 32604ac589c760d9ed1073efff88dbe8
0,       1183,       1183,        1,  6220800, ee91d389232f8e8a7d8a50a0d7a1b758
0,       1184,       1184,        1,  6220800, 7c756e991a67347a47ea087b3237e8b9
0,       1185,       1185,        1,  6220800, afe6f0f80a39b92029288ff35c37c029
0,       1186,       1186,        1,  6220800, 090b1d5096598900d2e98069d19b770f
0,       1187,       1187,        1,  6220800, 6ab907098b0ca2b660840c2ca17c8a32
0,       1188,       1188,        1,  6220800, 2efc3ce7c675792d1856b3b0a07017df
0,       1189,       1189,        1,  6220800, 8b067a269d83ff227607fc7ed0c1b944
0,       1190,       1190,        1,  6220800, aa5269a7fdf08acd7d236b25ec7aed54
0,       1191,       1191,        1,  6220800, 4836fab24dcf64095549dd1194d13c66
0,       1192,       1192,        1,  6220800, 5f258cd493b7e1baca98db13e61a0886
0,       1193,       1193,        1,  6220800, 5b4e474b24ad1b39a18e1bdaa980fb5d
0,       1194,       1194,        1,  6220800, 78de021d1798c4b2ce1cb4859c8138a8
0,       1195,       1195,        1,  6220800, 89731997120e9c527ceb0413363c2027
0,       1196,       1196,        1,  6220800, 01e103f12ad83cf49c8e419000fdfc8c
0,       1197,       1197,        1,  6220800, db5efc577dd34ddc4acf87df99ea7543
0,       1198,       1198,        1,  6220800, 9410104ec65110a3ed6637521cf6731e
0,       1199,       1199,        1,  6220800, 4054268da4ca77dad6e13ed888b22b00
0,       1200,       1200,        1,  6220800, 27351a223fac7633bc34e8b8ed205d08
0,       1201,       1201,        1,  6220800, 26513b5b2d4d8f009996b0d47dcc95b6
0,       1202,       1202,        1,  6220800, 847adab8364743b5ed04a4172f11ce01
0,       1203,       1203,        1,  6220800, 84c92fac9433d25b8b7801609261ce01
0,       1204,       1204,        1,  6220800, 12bb68b4480eb111ecf8f4ceff2b8498
0,       1205,       1205,        1,  6220800, de74d464af10870cf58cdec0167540e2
0,       1206,       1206,        1,  6220800, 8d77f1fc737666b8c90ed1031657c3c5
0,       1207,       1207,        1,  6220800, cce2a008b2f3dbdfc1330829274bc85f
0,       1208,       1208,        1,  6220800, 298238e16650a214510a48f3e557b0b8
0,       1209,       1209,        1,  6220800, 4b658251134ed01a0a64157e751f11e6
0,       1210,       1210,        1,  6220800, 98cb94576a8592b861a45f2cb5ff09c3
0,       1211,       1211,        1,  6220800, d6ec6bee49361b6bebda29b096b60d7d
0,       1212,       1212,        1,  6220800, 138cd8fe495145e69b7bedbae1190c0d
0,       1213,       1213,        1,  6220800, 0d9568a049d7225690357c1c9ffea9f5
0,       1214,       1214,        1,  6220800, 816f244846b6755d91fbe40665f4cffe
0,       1215,       1215,        1,  6220800, c3da25d98d8bf62ffd02e854bdae71fb
0,       1216,       1216,        1,  6220800, c003b05e480932f6743ccccbf941ea64
0,       1217,       1217,        1,  6220800, 688215ef5650f2d84f4e6bc2c623ba58
0,       1218,       1218,        1,  6220800, 9b291f37a75741aad91a7751070c8e4a
0,       1219,       1219,        1,  6220800, c98117f0ebdc10c40ed023f855c6aebb
0,       1220,       1220,        1,  6220800, 3ed6af17f09d7621a3ce599eae9d91d6
0,       1221,       1221,        1,  6220800, bb4ab9d0c3f8216ee66720fe0bd7a8b3
0,       1222,       1222,        1,  6220800, 9b9b3452a8e14e040e60eb33249eed6d
0,       1223,       1223,        1,  6220800, 3b93a3c61eefa49d127b6d05d17e8c70
0,       1224,       1224,        1,  6220800, dba526c06b0983109097b2cc208de037
0,       1225,       1225,        1,  6220800, ca520ee74089e686b2471a0b75483086
0,       1226,       1226,        1,  6220800, 9f92ae70f5ded8ebc7d2e8b2ea464fbe
0,       1227,       1227,        1,  6220800, 58e687218d7c7170197d328bbcd93947
0,       1228,       1228,        1,  6220800, 61ffa8fbcda37c218c4419427d27a2a3
0,       1229,       1229,        1,  6220800, 265c8daf469801267b75bc78ebe410ca
0,       1230,       1230,        1,  6220800, 4cf187686bfbe7538f8825c477ec40f6
0,       1231,       1231,        1,  6220800, 589a210ffbfd9363661718bd1ae08b40
0,       1232,       1232,        1,  6220800, d6c98d4b7cfa2b5aafb76c092fe9c3d1
0,       1233,       1233,        1,  6220800, 7a4e758170bc43a9bd72e994248c05ed
0,       1234,       1234,        1,  6220800, 038b95925f0358f51f610adf4a5a4d72
0,       1235,       1235,        1,  6220800, f00a7f928a9fa720e3874b664a16b93a
0,       1236,       1236,        1,  6220800, b375ca36e1406d0690d13d1a7d3fea9b
0,       1237,       1237,        1,  6220800, 2f63f9aad7043b680ddb81937e9b8df1
0,       1238,       1238,        1,  6220800, f4d765dcfac1100e0354e2a22c14d3e7
0,       1239,       1239,        1,  6220800, 2ee39f5f0172fc80bf33c9d9a406bb79
0,       1240,       1240,        1,  6220800, f3d2e648aec96311e8bd5613e48ca870
0,       1241,       1241,        1,  6220800, aeade16b755e72b757e6224caace2b36
0,       1242,       1242,        1,  6220800, c5becaac5cbbb803713018bfd7e3a30a
0,       1243,       1243,        1,  6220800, e0dd904342eafadb02bb5f17c484f42c
0,       1244,       1244,        1,  6220800, 2e752329193ae3c4f4c21ba97c701600
0,       1245,       1245,        1,  6220800, 314e6ee57e6ba6a81bdeb5bce1237015
0,       1246,       1246,        1,  6220800, 82368f60a54789d005971e63648e7ff9
0,       1247,       1247,        1,  6220800, 8e4c36b06b76315f6add123994c9c384
0,       1248,       1248,        1,  6220800, 8f5af10281f03ce9148c1ea312fc9ea2
0,       1249,       1249,        1,  6220800, 45ecb8d1af3920a5f279927cacba785c
0,       1250,       1250,        1,  6220800, ebaf8413b417b74a17869c7ab6460802
0,       1251,       1251,        1,  6220800, 13609aa39eeef8f18b453c671037a845
0,       1252,       1252,        1,  6220800, 825fb47081ef42ab95b80e89e95feb1c
0,       1253,       1253,        1,  6220800, f24f9ed62d2d227f68b17dde51613cf1
0,       1254,       1254,        1,  6220800, 9632835dfa666f276cbe3542c65ca0d3
0,       1255,       1255,        1,  6220800, 264c8689284f9c664f013f3d67d5644a
0,       1256,       1256,        1,  6220800, d479b41b9a021b4e903bfa865c3b30c9
0,       1257,       1257,        1,  6220800, 6656552e46f23e97c395d100b88a0897
0,       1258,       1258,        1,  6220800, cef1c7dc8ec53656642e1ca1e0529411
0,       1259,       1259,        1,  6220800, 68d7413c4f5e6b06388d5d5b3f491174
0,       1260,       1260,        1,  6220800, ab7233f550045d793e217c2d86ab5c6c
0,       1261,       1261,        1,  6220800, fe497b2c557b3f553dbb6e1a3bfb5610
0,       1262,       1262,        1,  6220800, 2390b13b4ef0c046dce5dfb1d7d8827f
0,       1263,       1263,        1,  6220800, 3d4f147ca71c9872b5cf901d88f2c95d
0,       1264,       1264,        1,  6220800, acb3e5931f44ba3296fd72174b6393c8
0,       1265,       1265,        1,  6220800, eac5ec686fc89cec93f7fc75a4c6794b
0,       1266,       1266,        1,  6220800, ea7a6a1830eb4cbcf255e7b6dd2f48fb
0,       1267,       1267,        1,  6220800, 37123739df2b7ecde02d26aa41538d20
0,       1268,       1268,        1,  6220800, 3a2f64a7599676466a4726b1d1b4cf93
0,       1269,       1269,        1,  6220800, c7e64ad38217031a4cdc08210d557819
0,       1270,       1270,        1,  6220800, 1b6b5446f158fe26521c6eae5fc0f015
0,       1271,       1271,        1,  6220800, f969e41d6233ea76f243dd3970337db9
0,       1272,       1272,        1,  6220800, 142492781e67e5b7afa541f55a0a3ba9
0,       1273,       1273,        1,  6220800, 6b2b5ddc37f969fdc1ce12dca17bdfb4
0,       1274,       1274,        1,  6220800, 40580fee968c70ffc421dc461db24f46
0,       1275,       1275,        1,  6220800, 7404851bdaac658a3e95c2744ddc88df
0,       1276,       1276,        1,  6220800, f9d24e4ca9157894e97ffa3e7f599718
0,       1277,       1277,        1,  6220800, 943a35753610ae8fabb0cb28d92797ee
0,       1278,       1278,        1,  6220800, a7ef6ad2a8f0ee9f545cd158faa0ba8f
0,       1279,       1279,        1,  6220800, d1e5b105b1036ed9d88ad8509752ce25
0,       1280,       1280,        1,  6220800, 909f7a0597b56acb0d0ab2b123504551
0,       1281,       1281,        1,  6220800, 22fa71060a370c587d714c3ce0e859c9
0,       1282,       1282,        1,  6220800, 515b14ed1b0ecd4355029ca29ee0c04d
0,       1283,       1283,        1,  6220800, 2b7ba43897d2f17b8a776764c9bdeac9
0,       1284,       1284,        1,  6220800, b7fb0d2f035fc62a244cd0f0ceb32fdc
0,       1285,       1285,        1,  6220800, 8df23bbfc8d4a89ef2068653618d7110
0,       1286,       1286,        1,  6220800, 513bfad718b1266c473cfbab0ab3dcd5
0,       1287,       1287,        1,  6220800, cf2d423a2ed26929984d1dea0e33befb
0,       1288,       1288,        1,  6220800, 71439bcc7d762b386617d413b29baf37
0,       1289,       1289,        1,  6220800, 4d5e4a208cfdbbb9ad6213e9a6484b44
0,       1290,       1290,        1,  6220800, 20f24018fdfab64625412a3d284178c5
0,       1291,       1291,        1,  6220800, 9d33252a2f521f3ef035a490b764aac1
0,       1292,       1292,        1,  6220800, 32ab53f561a2170d1bd0b9d5a18fca93
0,       1293,       1293,        1,  6220800, 1295d89ed80e9c4ff24463e61303b04a
0,       1294,       1294,        1,  6220800, e8da2ac1bb206eca3b69451884dcded7
0,       1295,       1295,        1,  6220800, 904ae552046a1acf3899c0e6ce1a7a56
0,       1296,       1296,        1,  6220800, 1e96b62cc88e1488e92f8b43b6643f27
0,       1297,       1297,        1,  6220800, 598af6d37990f96b6b03d68b8b467a3e
0,       1298,       1298,        1,  6220800, 05780a5f1581b3e09657311ba82c7ecc
0,       1299,       1299,        1,  6220800, 745daef0f13e77a54d05e707b47a558a
0,       1300,       1300,        1,  6220800, c5c62882474fa1accedb73f31e59f62f
0,       1301,       1301,        1,  6220800, 980b639d40837041e24cc7d4d5290607
0,       1302,       1302,        1,  6220800, e82a5bab738334bea911173f53994552
0,       1303,       1303,        1,  6220800, 2bb916f193a09de157b828e8f022c4c0
0,       1304,       1304,        1,  6220800, 13a50287a5824c4668a3235bc92a6e5f
0,       1305,       1305,        1,  6220800, d376e2c7e15873e407a60064a7424530
0,       1306,       1306,        1,  6220800, ba5d447af07f01baeac46be68dbaeea9
0,       1307,       1307,        1,  6220800, 81df2c63e21ad228c6cf2c409bba27d2
0,       1308,       1308,        1,  6220800, 792c6b6eb9fe6295159b8c4c0128efe5
0,       1309,       1309,        1,  6220800, 8f807c673285f171a1e59f50dacb7ee5
0,       1310,       1310,        1,  6220800, 8ec42eb6e45d7afc2b8435d41bb0b0c3
0,       1311,       1311,        1,  6220800, 5faed03ec3eda6435615935043c3c155
0,       1312,       1312,        1,  6220800, e5b6a05d8690250a702a448f382a429f
0,       1313,       1313,        1,  6220800, b74f4a7ece2ee6fc4620754052c34fd4
0,       1314,       1314,        1,  6220800, 00a784904c09bbb6f5dfbfc063739ee5
0,       1315,       1315,        1,  6220800, afd59c8632b74ab012a8c337f34f3406
0,       1316,       1316,        1,  6220800, a3e8b7ef4f843a9ec25fc3d23fcdcc0e
0,       1317,       1317,        1,  6220800, 09b5cb6ed1cd459a4cbde6ceaf76bad1
0,       1318,       1318,        1,  6220800, 4845184f56d5bf969a2c1ed61673252e
0,       1319,       1319,        1,  6220800, 7faef5c0a5b20a1ae31f96f450ab6340
0,       1320,       1320,        1,  6220800, 786c27f0c1a417e209ff2cff0d6b1ee7
0,       1321,       1321,        1,  6220800, 873bd158dd6349f254588a604e9b0cbe
0,       1322,       1322,        1,  6220800, 7a66f665240c1c071cf6bccc1d20ef31
0,       1323,       1323,        1,  6220800, 0917859c472e076b0eb4b3f5832acd27
0,       1324,       1324,        1,  6220800, f3eaaaead8f9cafa8e6ebfc7b03efc18
0,       1325,       1325,        1,  6220800, 1a9fbbebbb6602f9c8c38e92328cfa09
0,       1326,       1326,        1,  6220800, a3d42c7b7c10c2cbbdc78fe3f89cb947
0,       1327,       1327,        1,  6220800, fb2da6988a47ae245a5141c03a724208
0,       1328,       1328,        1,  6220800, d22d03dfefba620c11a2260617edf02a
0,       1329,       1329,        1,  6220800, d8f068831dbfc6700d1865100e39793b
0,       1330,       1330,        1,  6220800, 0624499e1e405458e149b28ac7e07ae5
0,       1331,       1331,        1,  6220800, 82375bae7707a92fc02011d89d15e8db
0,       1332,       1332,        1,  6220800, 06898a2021db52be87cd7b9afa7b1be8
0,       1333,       1333,        1,  6220800, 520f66f0cf58cc48667fb0442da43d8c
0,       1334,       1334,        1,  6220800, 8431ff9dbabfd0cd41005634ad369a3a
0,       1335,       1335,        1,  6220800, 42c97f3c79b58fc2f91d7b415678da60
0,       1336,       1336,        1,  6220800, b817b19dd8370061fd08b7029c1efa08
0,       1337,       1337,        1,  6220800, 41ca127ee7cdc6e9e333163a3017fcf3
0,       1338,       1338,        1,  6220800, 776d7304b46847e4c736d80a365d70ee
0,       1339,       1339,        1,  6220800, 45b684378160f6fc771268f6d0126f71
0,       1340,       1340,        1,  6220800, b9649f7fe146ca9df31dbf311bd2e582
0,       1341,       1341,        1,  6220800, c9331f02c759edc8644e5592ee1dd65e
0,       1342,       1342,        1,  6220800, bdc25443d7c5ec725cf9559ebc298716
0,       1343,       1343,        1,  6220800, 18e58c6a2e7436b3a76ad6ca235e4564
0,       1344,       1344,        1,  6220800, 8f02b2864027b09b9d5d11bca16d3bdc
0,       1345,       1345,        1,  6220800, 4a31a34c3853b94924232aae20ca28e8
0,       1346,       1346,        1,  6220800, 4c6e39011ce5d18ce8c7643ef0f5e16e
0,       1347,       1347,        1,  6220800, 2a7f2a2e4203d968fbee9dd1bf1b0e82
0,       1348,       1348,        1,  6220800, 6333e43a52a8c4762a02c40794ebd132
0,       1349,       1349,        1,  6220800, 268903473ae29a4d8e09b3fea0c69f38
0,       1350,       1350,        1,  6220800, 89312dbc63202e456d97bc0b4f25668a
0,       1351,       1351,        1,  6220800, 7a789fb0b0bc41d20c316b63f8d32f42
0,       1352,       1352,        1,  6220800, a789fa627e8ddefdb8eb1fe2f9c9613a
0,       1353,       1353,        1,  6220800, 39cdf0706d3c14573da9a37b27ea5c36
0,       1354,       1354,        1,  6220800, fd3a0ec226ae97e86d9b22d78c69ff68
0,       1355,       1355,        1,  6220800, a79cfeb0da75410f516b6dada968b890
0,       1356,       1356,        1,  6220800, 64c26ee57151127c260f1bdfaf28c9f5
0,       1357,       1357,        1,  6220800, 8f9c7a543e11e0262af276a6a3dde1a4
0,       1358,       1358,        1,  6220800, df30c961cfabb839cab07558134313f4
0,       1359,       1359,        1,  6220800, 67ab48a82c7bef1e36f9ddfd59e32230
0,       1360,       1360,        1,  6220800, 6295064253ff9cae77ba971ae474f563
0,       1361,       1361,        1,  6220800, 7112ba12b290aebdf44df6528f29de35
0,       1362,       1362,        1,  6220800, 69ffa4778b2cfd36b966468dc5261db8
0,       1363,       1363,        1,  6220800, 4763e6fc90503c99ca56bd6880b59113
0,       1364,       1364,        1,  6220800, e871ec4db9493d01ae80367434d615e6
0,       1365,       1365,        1,  6220800, afd7c45c062adbbbb0750a45734ec916
0,       1366,       1366,        1,  6220800, f43538eb3d5f77d9cce9c21cb5860e1b
0,       1367,       1367,        1,  6220800, de50d0eb2065ba715df36d8b35aec953
0,       1368,       1368,        1,  6220800, 17e751543dde515b38ffb87fe4efeb17
0,       1369,       1369,        1,  6220800, 679902c62056dfa11203f08572ca819d
0,       1370,       1370,        1,  6220800, ce92720352923f71694d22dc812d9e06
0,       1371,       1371,        1,  6220800, a1a57478844f8245f82710bf56f7797c
0,       1372,       1372,        1,  6220800, cf551d4def8b28853ad4a21e2c5a324e
0,       1373,       1373,        1,  6220800, 2133a4735b6b00e33f1993f97702a72a
0,       1374,       1374,        1,  6220800, b84a1bcf14722f6a4ce789eee41c66e1
0,       1375,       1375,        1,  6220800, 25059300f2b53332b7bae3ffd36c036e
0,       1376,       1376,        1,  6220800, 0ca0cee33020dee39f35c72e0707cfb2
0,       1377,       1377,        1,  6220800, cdbc04603e8398fc0755c25f61155d82
0,       1378,       1378,        1,  6220800, ac6a6f167c66ef8bd3bbcf6cbbbd685e
0,       1379,       1379,        1,  6220800, 114793aa0de8cdb026fb0908368fa27d
0,       1380,       1380,        1,  6220800, bd6a7f73126ecec4a45aeb4f29d7d1fa
0,       1381,       1381,        1,  6220800, 67c8ce0925e91007a1605d626cc4215c
0,       1382,       1382,        1,  6220800, 506541bcbb1c7985c112606ef266d081
0,       1383,       1383,        1,  6220800, c36aafbbf67b65342152650722213e85
0,       1384,       1384,        1,  6220800, f0aadc231ec5ce4842147043e15543e6
0,       1385,       1385,        1,  6220800, 89fdca4ef07c0b576c39f0036065c85e
0,       1386,       1386,        1,  6220800, 6731a1e30042dbe193879d3a847d941c
0,       1387,       1387,        1,  6220800, 83f866d3581cc52d237e4b634426055b
0,       1388,       1388,        1,  6220800, 1e4e82d8c77305187f082ce0928e062b
0,       1389,       1389,        1,  6220800, 7ba2f652109c8cde7b57968bfa5f808d
0,       1390,       1390,        1,  6220800, b40e9f837f8bd47e5c76f4f5687f4868
0,       1391,       1391,        1,  6220800, 8ab8bf48c32404b7d0e0e69098a11e04
0,       1392,       1392,        1,  6220800, e6b664c3af40c6a05d67fa379fe09863
0,       1393,       1393,        1,  6220800, 038109424f386767d69fcea2c15fe4a2
0,       1394,       1394,        1,  6220800, 42c9601c02d98a379ecfa4aeffb1b7aa
0,       1395,       1395,        1,  6220800, c6686aa608fd04041adbcbbefde6e24e
0,       1396,       1396,        1,  6220800, b3f55dad381f3f50d2fd4ff309d5028d
0,       1397,       1397,        1,  6220800, 402cfe324eaee200abe6fd68717ad3d0
0,       1398,       1398,        1,  6220800, d73275c5f6ab5f2c92a661a87f9ca65c
0,       1399,       1399,        1,  6220800, 1aab41c6391767b218fb50155064c79f
0,       1400,       1400,        1,  6220800, 3c09ae38b96719984a89764ea02cba2c
0,       1401,       1401,        1,  6220800, c36bb2e65ef180ad41f6adfefab378ee
0,       1402,       1402,        1,  6220800, 778b2e5b006b6b26f51907553ecfbdf7
0,       1403,       1403,        1,  6220800, fb45b92aea12d019207b6e23e07857d9
0,       1404,       1404,        1,  6220800, c7c830c279ab52c45986468aa3ffa48d
0,       1405,       1405,        1,  6220800, cdfad621a0dfdd2ad2a6becb2e382137
0,       1406,       1406,        1,  6220800, b5c3c84b6e4fdc59edf15b603229b6d3
0,       1407,       1407,        1,  6220800, ceef497b11566c14dd8d75b65abd1db8
0,       1408,       1408,        1,  6220800, 6c86a8d4d013577229b6082bdfcb8bff
0,       1409,       1409,        1,  6220800, f9e71f3f919ee8f29b1654b19590f69b
0,       1410,       1410,        1,  6220800, 8785756762da5955bfca453c229e02b3
0,       1411,       1411,        1,  6220800, ea653b7a1d0a63dd7c9fcfd042c8462b
0,       1412,       1412,        1,  6220800, 6447e97b9f91d7d01872dfdee52c2e51
0,       1413,       1413,        1,  6220800, a5b7a6a3e86e54e5fa9f1a7564c72536
0,       1414,       1414,        1,  6220800, 38461a688049d9dacaf252c8b14fa401
0,       1415,       1415,        1,  6220800, af31626d0f91150b16d34f6da8f14c29
0,       1416,       1416,        1,  6220800, 4cf93971f3420bec464ab8c4417ebd6c
0,       1417,       1417,        1,  6220800, 9afc041ecbb1660c3be72d8aa3be32fe
0,       1418,       1418,        1,  6220800, b90676162c174bcf015096cbc6db82de
0,       1419,       1419,        1,  6220800, ab936b192b21fb97cb78a41740fe2dad
0,       1420,       1420,        1,  6220800, 1a1a38973825ebe227c86b115adca1f7
0,       1421,       1421,        1,  6220800, 4163d2eb095d001de55b862ba22f14b4
0,       1422,       1422,        1,  6220800, 52e387c82916e578a359a4b8b863d574
0,       1423,       1423,        1,  6220800, cf8cb2618935e5ad042a6a8cb7b9acce
0,       1424,       1424,        1,  6220800, 37d8e0e735f577341e3b3f547db3185c
0,       1425,       1425,        1,  6220800, de8f97fb2babff95456c79fe4eff9293
0,       1426,       1426,        1,  6220800, 83744383ebf9c24e8807756e0ab66d38
0,       1427,       1427,        1,  6220800, 45b7dee2e130533b4e9d8e59931bc61e
0,       1428,       1428,        1,  6220800, c57b5ae53b3976646a46c085721802e2
0,       1429,       1429,        1,  6220800, 3c97dcd0bd52430a2dc5ae8d82a042be
0,       1430,       1430,        1,  6220800, 731e21603a16fa14e70b1bf84a26b220
0,       1431,       1431,        1,  6220800, fb49e941ff570152f5cf8fa792798561
0,       1432,       1432,        1,  6220800, 82c167d3d4d075532d41ede70864157f
0,       1433,       1433,        1,  6220800, d5cb2bfe71da44635c1a5df4ce14aafa
0,       1434,       1434,        1,  6220800, 2a1a83d362f50f4a82fcab28fd97e03f
0,       1435,       1435,        1,  6220800, f4980b9cfcc14db9142a2d6f2db4a410
0,       1436,       1436,        1,  6220800, b8e1c1d4f3df0570ebe98666df0fb256
0,       1437,       1437,        1,  6220800, 70345f98804ba3b4d552c716d5fa871e
0,       1438,       1438,        1,  6220800, 41d456836e7132f9b6399f6517fda71c
0,       1439,       1439,        1,  6220800, 5dd420ce01598df531000e8f405f7fc8
0,       1440,       1440,        1,  6220800, c7f05b43376ba731f091dd0cc15d802a
0,       1441,       1441,        1,  6220800, 4aeaefccf69696aa697f2c69eda861ac
0,       1442,       1442,        1,  6220800, 29611b6d4199d9527c33e9eb2230443a
0,       1443,       1443,        1,  6220800, 3d1571cec9a6af1db57b5a411fba432b
0,       1444,       1444,        1,  6220800, 027a78bd06e03e8553015cef0b96cef0
0,       1445,       1445,        1,  6220800, 8943f8e868cab18919dca4b0595597dc
0,       1446,       1446,        1,  6220800, 9734bf70758dd7841c9ea403010b9bcd
0,       1447,       1447,        1,  6220800, 0ed63d5532857877550a10fd5f49885c
0,       1448,       1448,        1,  6220800, eceeda6e3f7a14f3f782b304b2db1419
0,       1449,       1449,        1,  6220800, 3be54bdcfe61d1bef9c6db0a3b076afb
0,       1450,       1450,        1,  6220800, 5533ff3d34faac855a1c8c2f3af390d1
0,       1451,       1451,        1,  6220800, d54f6273b16021a3d135c4f0b2259872
0,       1452,       1452,        1,  6220800, 62889a0c4c79d3e397f900b9c99bae8d
0,       1453,       1453,        1,  6220800, 8eb92abcc27ccfe7f6d9998214c8d4d8
0,       1454,       1454,        1,  6220800, ec29e70e6825502035124e25cb662b44
0,       1455,       1455,        1,  6220800, 5486bed1d446333aaa56037dc5415f82
0,       1456,       1456,        1,  6220800, ea2d11572f9cc917bbdd7b418a0f95ca
0,       1457,       1457,        1,  6220800, 1d0cd4f1a751ba3f4d62cab069a75c48
0,       1458,       1458,        1,  6220800, 38adc8b8ce25ed5a0c483f948a927b6c
0,       1459,       1459,        1,  6220800, ed5d1b997a7c2a6d76434190fccd585b
0,       1460,       1460,        1,  6220800, d3531a4a749d210d12d365451388d459
0,       1461,       1461,        1,  6220800, 61a979d827a4b30f45ccab1bc745c6ac
0,       1462,       1462,        1,  6220800, e02e4c7f4c68f8ec414a3b1ddd177e04
0,       1463,       1463,        1,  6220800, 25dc80b3f19c19d2b2e219e9079cca87
0,       1464,       1464,        1,  6220800, d7e3def5a19a8442141cbb5e7d7962ca
0,       1465,       1465,        1,  6220800, 9a2bba447d49bbf8865be4b3830f10cf
0,       1466,       1466,        1,  6220800, d7237f69ec057af4756e694d9470fb2f
0,       1467,       1467,        1,  6220800, fd23cad17dbdbb761b490355f5472809
0,       1468,       1468,        1,  6220800, fca32a284a4f12fe8fea7045e04dcc9d
0,       1469,       1469,        1,  6220800, 8c5a43db4e636e111f01355c221cda02
0,       1470,       1470,        1,  6220800, 7ed5891399987d85b39a7532f29fa08b
0,       1471,       1471,        1,  6220800, a470b7ee70c4f61860a35fd360cabd95
0,       1472,       1472,        1,  6220800, d60e8a016ab3a45800ab420223a60f58
0,       1473,       1473,        1,  6220800, 78b9ac987b2f94c0e3fdbb6623581c29
0,       1474,       1474,        1,  6220800, 75c847b4fa13d21665d2f7d738e0b846
0,       1475,       1475,        1,  6220800, 8ffd249ccd3a18075ba5e9f256120d6e
0,       1476,       1476,        1,  6220800, d9cfe6ba7c1bb04ae558a99f1f749719
0,       1477,       1477,        1,  6220800, 0ca4e36e5c4f7d311168664260b01d99
0,       1478,       1478,        1,  6220800, abcb5cdaba1205a0be0b1fa2bbd873e5
0,       1479,       1479,        1,  6220800, 2d78058db5363e9a79ada7c9eddb25cf
0,       1480,       1480,        1,  6220800, 2cd6eb1ed90e61260da26eb76244365b
0,       1481,       1481,        1,  6220800, b776dabec4614f326c4933de9f55186e
0,       1482,       1482,        1,  6220800, 24678b298d52e8601b78ec96c5f649f1
0,       1483,       1483,        1,  6220800, 36af60a98af7834dbd927cfe99d80d46
0,       1484,       1484,        1,  6220800, cc1c5948e97793ca89fa0d015e9c17fb
0,       1485,       1485,        1,  6220800, cdb3410700fb3d095b0774e2e3ffc556
0,       1486,       1486,        1,  6220800, 74a90f7134a37c991001e397aa8d7928
0,       1487,       1487,        1,  6220800, dcc758a626308ebcd044b5a80f35a819
0,       1488,       1488,        1,  6220800, 383ddac932f9dfbbe0848931fa82408b
0,       1489,       1489,        1,  6220800, fe56a9d9b3baac7748526553bd8f849b
0,       1490,       1490,        1,  6220800, 40f7511343ad26f7eb2745c3fdee80dc
0,       1491,       1491,        1,  6220800, 898873e70a7a411aecdeb375a7befdbe
0,       1492,       1492,        1,  6220800, 6c8e6712c78de6121b9335e4676fe8fe
0,       1493,       1493,        1,  6220800, d767ac92a26d163ee114c420f662bd02
0,       1494,       1494,        1,  6220800, d47f8b8e7f32ccce7ffa2e0f77861a39
0,       1495,       1495,        1,  6220800, 7b5a839f2073e050cea8646b12cfe8c7
0,       1496,       1496,        1,  6220800, 91643a438aa8e05c41ba11f79cb63a17
0,       1497,       1497,        1,  6220800, d4db7ce7997094345c2c7f86f5edcd42
0,       1498,       1498,        1,  6220800, 09d8804ada32a7f88fc710dc5247a554
0,       1499,       1499,        1,  6220800, f19c960faa97dee2d10a222f81658c5c
0,       1500,       1500,        1,  6220800, 4c588dbcd900ddfba880f6f303cb6b37
0,       1501,       1501,        1,  6220800, 2b7641de57f0e35ca62f6e8c7be07ad9
0,       1502,       1502,        1,  6220800, 4312b4a30dec259ddaa834360b189426
0,       1503,       1503,        1,  6220800, f869f5a1a36aedcae87c3c85bbc40936
0,       1504,       1504,        1,  6220800, 09d9bb8f115d76510f587d382440a086
0,       1505,       1505,        1,  6220800, d25f63ec1ddd56e8647b2bf598bb9fc6
0,       1506,       1506,        1,  6220800, 2da405c0eacb3eb24941b365f3cf9684
0,       1507,       1507,        1,  6220800, a8316e63e47cb1e53289de7eb2c773c6
0,       1508,       1508,        1,  6220800, 0b19a6f8b197cf61c5851ea1ef337bd5
0,       1509,       1509,        1,  6220800, f6fa0d13910d6efa1f000c1953516fc2
0,       1510,       1510,        1,  6220800, 1aa086323537e54e2d8b448c6cbd9d6a
0,       1511,       1511,        1,  6220800, 96e34fdf7dbb36e64c56639caa6aa98f
0,       1512,       1512,        1,  6220800, d8c0d3c0f93b7cbae7cce84605848f08
0,       1513,       1513,        1,  6220800, bd0febc3a64a2df61b7ce3a954f5bd34
0,       1514,       1514,        1,  6220800, 3455d109cfdeea433ebd5db16ae8afe8
0,       1515,       1515,        1,  6220800, 7a6c41b02984ace45dd0a1553f7cf767
0,       1516,       1516,        1,  6220800, 9ce0e00e90403f21e70842d56c7a4d79
0,       1517,       1517,        1,  6220800, adfdc1c85255aef560fa24c101390d28
0,       1518,       1518,        1,  6220800, b460db34286f17d3efe68a3acac7d278
0,       1519,       1519,        1,  6220800, fea76acf906196eb3902e2a5a767dfbb
0,       1520,       1520,        1,  6220800, 56625fbc581fc38794ff51eeaf308851
0,       1521,       1521,        1,  6220800, 11fbdefe3447c676b91f87d5255e2c82
0,       1522,       1522,        1,  6220800, b27fea925e48fe5f52dd60ff253463cd
0,       1523,       1523,        1,  6220800, 118a0e56338a21e82d74c46565eeda87
0,       1524,       1524,        1,  6220800, 53f8a81d4693eb977a249d6dffb38b13
0,       1525,       1525,        1,  6220800, 91f7074a61a6ba9568a0768b9da7ab21
0,       1526,       1526,        1,  6220800, c22ac041ad742af0fc44c1811d7a7595
0,       1527,       1527,        1,  6220800, b52ec109f6acd1658f35aafa2d0abfe3
0,       1528,       1528,        1,  6220800, 9a76af21ad973f2a0a7ba29303f24083
0,       1529,       1529,        1,  6220800, d686cc2d0d153c8189ab34109a0784d7
0,       1530,       1530,        1,  6220800, 1237f4e5bb28a33ce1d958b8fe77522d
0,       1531,       1531,        1,  6220800, dd492a8624313d6bc19704573407185b
0,       1532,       1532,        1,  6220800, 09a7cc47e5287d049974f0a70976d2cf
0,       1533,       1533,        1,  6220800, 026bdf1986e6c09e320d43e241ac85c2
0,       1534,       1534,        1,  6220800, 0aecd2679b61f68250842d7e7796838b
0,       1535,       1535,        1,  6220800, 50ce25f53e6aaca6d850cc64996f4625
0,       1536,       1536,        1,  6220800, 1d63b5253d914b7a5bab301312b10a89
0,       1537,       1537,        1,  6220800, f6795ab32eb7869e6dc70ef28f0a80a1
0,       1538,       1538,        1,  6220800, 7394ac3fa30ddc35ad5484c165992ea6
0,       1539,       1539,        1,  6220800, 27e3e05a6af9789b395513ff6082dabc
0,       1540,       1540,        1,  6220800, 1ef0978ea7ed669db0588272ae444fd6
0,       1541,       1541,        1,  6220800, 2f673f16330890fdbdbf6330ba78d8f4
0,       1542,       1542,        1,  6220800, 58a214201710d559cd0d082023910adf
0,       1543,       1543,        1,  6220800, 97a88545ae4f43dcc629ca85f29238f0
0,       1544,       1544,        1,  6220800, 88047fb13e48c01f82b3eb8a0de33f80
0,       1545,       1545,        1,  6220800, 788eb5e385a16a099ceb15a1d899a04a
0,       1546,       1546,        1,  6220800, 30918db17f8e0180534a0ec967811602
0,       1547,       1547,        1,  6220800, d17369da925df70c51a4d36a324e7786
0,       1548,       1548,        1,  6220800, 61ddca43e4bb7f6e6669502d44e37b8a
0,       1549,       1549,        1,  6220800, 231d80eda51e68ff0c9731b16d110b8a
0,       1550,       1550,        1,  6220800, e2f9672201e99124374408f07a036503
0,       1551,       1551,        1,  6220800, 254569cc721fe6361f95274aed5cdeef
0,       1552,       1552,        1,  6220800, 81c7cc418ad54b8a83091d163dd61060
0,       1553,       1553,        1,  6220800, ab8e0c9e454207a2e818418ed4b4a553
0,       1554,       1554,        1,  6220800, 9078242751254af57d1192c4393de598
0,       1555,       1555,        1,  6220800, c0b36acad002969fefcfc718c51af85d
0,       1556,       1556,        1,  6220800, 7635b282e9d4288d5af6263207fd2af7
0,       1557,       1557,        1,  6220800, b8560255bff22fa56acf912f8de0da06
0,       1558,       1558,        1,  6220800, adf70f3e817c962633fed415e9b6c639
0,       1559,       1559,        1,  6220800, 046a8189b6da1d5561c8c86577244a78
0,       1560,       1560,        1,  6220800, 02fe01f51a91ae827330c7e160c38f19
0,       1561,       1561,        1,  6220800, d332eb9589484d5344ba8c24f91011c7
0,       1562,       1562,        1,  6220800, 27b83c5310576a4a8288ae0f792be243
0,       1563,       1563,        1,  6220800, 88d633f7bd4ba54a5b7c7e3822a0ad12
0,       1564,       1564,        1,  6220800, f8198f4fa00d66181a24ab6904a7358d
0,       1565,       1565,        1,  6220800, 471647774b5882f38aa753d6df990d86
0,       1566,       1566,        1,  6220800, 838583f480c7e8f61ef6592bab34478f
0,       1567,       1567,        1,  6220800, 253626a0c82babafd8539fecaedac35b
0,       1568,       1568,        1,  6220800, c71fb5b9a38c304743abd3961ef4d393
0,       1569,       1569,        1,  6220800, e78bd3e1140b238f7ff7cf06e2ce45ac
0,       1570,       1570,        1,  6220800, ff21bf3baf848b43e2e9ffee2b83c01e
0,       1571,       1571,        1,  6220800, 98b15e405445547209494d093ef606d2
0,       1572,       1572,        1,  6220800, 411430bcfce8c623408bbc241e02efc7
0,       1573,       1573,        1,  6220800, 78a0888b49074f4d25be24a62f5b0eff
0,       1574,       1574,        1,  6220800, 411430bcfce8c623408bbc241e02efc7
0,       1575,       1575,        1,  6220800, 08047df96dc1fc1e628fc1dd027a1d75
0,       1576,       1576,        1,  6220800, 08047df96dc1fc1e628fc1dd027a1d75
0,       1577,       1577,        1,  6220800, 6248aec482757d98c37ce2ebb78f3eab
0,       1578,       1578,        1,  6220800, 08047df96dc1fc1e628fc1dd027a1d75
0,       1579,       1579,        1,  6220800, 08047df96dc1fc1e628fc1dd027a1d75
0,       1580,       1580,        1,  6220800, 08047df96dc1fc1e628fc1dd027a1d75
0,       1581,       1581,        1,  6220800, 6248aec482757d98c37ce2ebb78f3eab
0,       1582,       1582,        1,  6220800, 6248aec482757d98c37ce2ebb78f3eab
0,       1583,       1583,        1,  6220800, 58592e2738aa1ecfea0ed26de23c2169
0,       1584,       1584,        1,  6220800, f31e7a79cee999075db59fe1fea0f975
0,       1585,       1585,        1,  6220800, 3b5e9867b16e454d045accbf960f51de
0,       1586,       1586,        1,  6220800, 0164648fd3f2386761cfc398f9177d49
0,       1587,       1587,        1,  6220800, 8216902554343c0f55e73c4bcf3ccbd8
0,       1588,       1588,        1,  6220800, 83121633c89c9b7a1e4ad84a2faae68a
0,       1589,       1589,        1,  6220800, 1e7f853a6684154ed7a4978594e30a9c
0,       1590,       1590,        1,  6220800, 3636135628db7d15b68b29ed72a649b2
0,       1591,       1591,        1,  6220800, 3761af143db4bbd43b618f03168b3f45
0,       1592,       1592,        1,  6220800, ba0b95a33ce70bbb790fa8d20a35625d
0,       1593,       1593,        1,  6220800, 5f62af1c79713f901baa8f732a84a032
0,       1594,       1594,        1,  6220800, d192247b6f9a288c99e6af2e6bfa8811
0,       1595,       1595,        1,  6220800, 6c47870ecda5a4d6566633ead1f84681
0,       1596,       1596,        1,  6220800, 3f45a9dbf17f7c1afa7c2431c4a9c4f2
0,       1597,       1597,        1,  6220800, db1b31852f08a5ea9f872bd6dc000455
0,       1598,       1598,        1,  6220800, 42ef37675dd42e433067ee1a9945ca1e
0,       1599,       1599,        1,  6220800, c69911f60e5eb9d616e497ad813e68de
0,       1600,       1600,        1,  6220800, 4771fa39a3d5dcd4a26ee76a2bc31386
0,       1601,       1601,        1,  6220800, 657bf284b2c631c85e51d4bac3ffd157
0,       1602,       1602,        1,  6220800, c5692c03e376e04aa0b2eef0d0874188
0,       1603,       1603,        1,  6220800, 5903367d472f0d064003e3d6f428cbca
0,       1604,       1604,        1,  6220800, b12fc72bbe5ac1c1170a64e793ce36f7
0,       1605,       1605,        1,  6220800, 0c76b67cabaea25d1c6eb439b9e5efe6
0,       1606,       1606,        1,  6220800, 13be7478d0005d5d2e0113bfef1600b8
0,       1607,       1607,        1,  6220800, 005064215d3e74f8dfee9da90273f37b
0,       1608,       1608,        1,  6220800, 88adcd6348c559a8955d5f3f313c927f
0,       1609,       1609,        1,  6220800, 7d4dcf5afb77fd82165a1873eaaa728d
0,       1610,       1610,        1,  6220800, 9cb496c95ff45254ed252c429234f2a9
0,       1611,       1611,        1,  6220800, 43061c5d8324dcb8f8a19672131a7150
0,       1612,       1612,        1,  6220800, a8ae0931f22e5871bf1b956d9da2f99c
0,       1613,       1613,        1,  6220800, ccf4cfd96ecdd5e2d0eed084a61475c7
0,       1614,       1614,        1,  6220800, c180870894589957584c89bfaf013249
0,       1615,       1615,        1,  6220800, f154c93d5bfdc1f3228bd791c3634a25
0,       1616,       1616,        1,  6220800, 27142775b0dc2d1989ee03214edcd71c
0,       1617,       1617,        1,  6220800, 739c781450ac08192d35cf2b0c9c665f
0,       1618,       1618,        1,  6220800, 4951c55a8428d54b27771b5038c2a542
0,       1619,       1619,        1,  6220800, 5204e5810ae5bed1e55c1b71b18dd56d
0,       1620,       1620,        1,  6220800, 1880af9ab87b3a692440c5b7ee0f8183
0,       1621,       1621,        1,  6220800, 37d2322fb73c6d58a5a6a6f07e513d84
0,       1622,       1622,        1,  6220800, aadbde97997a1adac2488ddd8b0713f9
0,       1623,       1623,        1,  6220800, 7ca4d8bae3cd9fcae3e2a3f69868cfce
0,       1624,       1624,        1,  6220800, 2ff5842dfdaa6e3f7afe2126b0d42751
0,       1625,       1625,        1,  6220800, f146c046369e24da84fcc8dba593314d
0,       1626,       1626,        1,  6220800, fa96cb5051da3a1125fc3a7ba510a534
0,       1627,       1627,        1,  6220800, fe872b59766b9f104b609444ddc46890
0,       1628,       1628,        1,  6220800, b1ea1f1655cf92ac083a8c0f03110398
0,       1629,       1629,        1,  6220800, 24e88fbbe466b84634b39fd5239f40cc
0,       1630,       1630,        1,  6220800, 6dd2b5aa1e884b7e152a0b442ae12fd7
0,       1631,       1631,        1,  6220800, cc6470e961a33d51a2600cd91b87c652
0,       1632,       1632,        1,  6220800, 53e2bd66bab593fb88bda4683ed884ef
0,       1633,       1633,        1,  6220800, 4830a8c36cf46e41186c97558ae73cfc
0,       1634,       1634,        1,  6220800, 7605e5fed6573f76103f1ba216e7b46a
0,       1635,       1635,        1,  6220800, 762b9996b3df8b03ec2e80775cf38cee
0,       1636,       1636,        1,  6220800, 3f7d25ec483069915f6af3002d91c0a1
0,       1637,       1637,        1,  6220800, cf2140d4194c10981d6561982b437543
0,       1638,       1638,        1,  6220800, b5567fc5e9a084b58e69dc2a23e4d55a
0,       1639,       1639,        1,  6220800, 98102cdfb3465085d59205ec0b1b57bd
0,       1640,       1640,        1,  6220800, 9dc224cec654b0bfe289eeac15845363
0,       1641,       1641,        1,  6220800, b62ee70f9a0b86ab33a16d71c38136b5
0,       1642,       1642,        1,  6220800, cd7ccba6203e8b99bba2687fa08e3926
0,       1643,       1643,        1,  6220800, a37b0306c160debf5e9d18750d7e48f4
0,       1644,       1644,        1,  6220800, e08362ab2be4837313a955c228e37b63
0,       1645,       1645,        1,  6220800, 897f380967a5a52134ca41b6624f6427
0,       1646,       1646,        1,  6220800, 1b8fdf15955126a9a927c46e7a494372
0,       1647,       1647,        1,  6220800, dda88d411434fe1abecacd79623058cd
0,       1648,       1648,        1,  6220800, 75b71b95a4726d02a4d65e45bcca2ad5
0,       1649,       1649,        1,  6220800, 7bfb4a383882bb8822cd2f8765f0110b
0,       1650,       1650,        1,  6220800, b08da4d603193abace4e13372456d88c
0,       1651,       1651,        1,  6220800, a6fb69a700a16e4d73a496b4ba3aea62
0,       1652,       1652,        1,  6220800, d11707c4858a4d09d8363209ebe7cb41
0,       1653,       1653,        1,  6220800, f5112e0a5959370d8761568838cbdfc8
0,       1654,       1654,        1,  6220800, a65785f516ae434ebd9ca9be6a02da10
0,       1655,       1655,        1,  6220800, 96bd73c763b53bf2cf32bac0aa6725a3
0,       1656,       1656,        1,  6220800, 773d32dd50db88cd484c4a5aeaaf491b
0,       1657,       1657,        1,  6220800, d0f521bd45690f6c50b6257eaa6400c0
0,       1658,       1658,        1,  6220800, 383361db68ad37d4d30051875cf7f7d3
0,       1659,       1659,        1,  6220800, 40af0cb560f580bb8d4333221bfdfe33
0,       1660,       1660,        1,  6220800, 900663b1ef17777306e97e7f925e5739
0,       1661,       1661,        1,  6220800, ddf61b5402d7a572ee5b6d8d228cf46c
0,       1662,       1662,        1,  6220800, b3002aee36aa7ff947113dde0721c7f0
0,       1663,       1663,        1,  6220800, a2562825e2a637ad036219ec935f62a0
0,       1664,       1664,        1,  6220800, 3a308f079b9cfebacaffc0f8f64fec5e
0,       1665,       1665,        1,  6220800, 08a0b460b17a2d6af307111e05329290
0,       1666,       1666,        1,  6220800, 7239b69f9c6078b9733342ebbfaa133b
0,       1667,       1667,        1,  6220800, 5316c3af7860a362b2d3a89094c42f99
0,       1668,       1668,        1,  6220800, 97ff7da8a0bd6904353073f41d3a2473
0,       1669,       1669,        1,  6220800, 3edb824335bbcd6c67422aae16a7b637
0,       1670,       1670,        1,  6220800, 21ee340d42561f97f09e0e7a03dc53f9
0,       1671,       1671,        1,  6220800, 33e7bf124b5b657d3f2872975bc2b963
0,       1672,       1672,        1,  6220800, 673de26aa276ff670aa561f8800a8080
0,       1673,       1673,        1,  6220800, cecbaf63a0cfd250ca1407f890dd6010
0,       1674,       1674,        1,  6220800, b45fbed3dffa669faa48da74ca9906c3
0,       1675,       1675,        1,  6220800, b2ec0bd4e1c61e80503523a8864aed8e
0,       1676,       1676,        1,  6220800, eab91c89eb9a4a63f0e98ab1a014ceb4
0,       1677,       1677,        1,  6220800, 62b3ec41f51d5110ccfc25f478d70ee4
0,       1678,       1678,        1,  6220800, 678d77cb8a3955b09cae78a3968ccb76
0,       1679,       1679,        1,  6220800, e62a60214c185def0aff1635da766ca0
0,       1680,       1680,        1,  6220800, df8bcfd6dc5317cf4ae4d0252020fafd
0,       1681,       1681,        1,  6220800, 651ab6427e0d9653050e907b52e3a7dc
0,       1682,       1682,        1,  6220800, 4db71a0a4595da057a7e432053c0a71e
0,       1683,       1683,        1,  6220800, a8457a13a935d0142471f4b1b416eb4d
0,       1684,       1684,        1,  6220800, 1ecd258d2fa47f21155adfcd68e8d6ae
0,       1685,       1685,        1,  6220800, 2b93791fdbfe0200fcb8825540707546
0,       1686,       1686,        1,  6220800, 51159afd3ff9aa7949f9ae83654a1b0f
0,       1687,       1687,        1,  6220800, f3141af3f71e86715590957717fa1bbe
0,       1688,       1688,        1,  6220800, 85dcb85ecaa9d56eeeacff2a478fe2c9
0,       1689,       1689,        1,  6220800, cd4197e8f3c75ce0f71ae6dcf52db45e
0,       1690,       1690,        1,  6220800, 6a71d20addeb4348540d99d859c42186
0,       1691,       1691,        1,  6220800, 5ef06cf7d63b4000b122834db05ea26d
0,       1692,       1692,        1,  6220800, 23d7cab5d0cdabc74c741bd17cb66f67
0,       1693,       1693,        1,  6220800, ea57aabe6abe740c6c69e6bd72867d57
0,       1694,       1694,        1,  6220800, c076e48e6f938dae26ca6c82a190af47
0,       1695,       1695,        1,  6220800, efbea68141d3192bc4c9efceb2aca9a1
0,       1696,       1696,        1,  6220800, 2107db60703ddf1c6803f3ad168d602e
0,       1697,       1697,        1,  6220800, d57e244e60a5e9e50b87c8ed8e5eae60
0,       1698,       1698,        1,  6220800, 886cf0cdabf16c9bb622ef1a4315a512
0,       1699,       1699,        1,  6220800, 1723f94fe6931372845a16cf2acf5e3e
0,       1700,       1700,        1,  6220800, d7037f573065758b213f9cd84a9ad64f
0,       1701,       1701,        1,  6220800, a59198e9b5e8a9457777b50d81a07db2
0,       1702,       1702,        1,  6220800, 935b99d024a30f47770d2f0e02b10436
0,       1703,       1703,        1,  6220800, 3ee2cf9319c93df4e243ecb9a82a5f45
0,       1704,       1704,        1,  6220800, 3f1de42bbf0a74b7ad06060ff746f6c0
0,       1705,       1705,        1,  6220800, b49a8b46ddef57fd2c946d8f6fd9a7bc
0,       1706,       1706,        1,  6220800, 909e367806b2f3d76a087161595e2346
0,       1707,       1707,        1,  6220800, b202a376eec0958344536f52dc49ab37
0,       1708,       1708,        1,  6220800, a9fb23d33c3ae75cb848565ba458e48b
0,       1709,       1709,        1,  6220800, 23e5ce0934e6bc00dede2d29896d5a29
0,       1710,       1710,        1,  6220800, 0c51735c79585eeea31b6357ce1181a6
0,       1711,       1711,        1,  6220800, a858ac1bd7599f738f4b578f4d67da9f
0,       1712,       1712,        1,  6220800, 03c41163511fbcceece9e99d12a9ceb3
0,       1713,       1713,        1,  6220800, c4ee0ee21d78f868538ac87604b6cc3d
0,       1714,       1714,        1,  6220800, d6969d655865d611d0d88e2b8a6aa2e9
0,       1715,       1715,        1,  6220800, b525da1ccd0d48067d13f9f65689f87a
0,       1716,       1716,        1,  6220800, ab436650874ff2cc83354afc36b5aa40
0,       1717,       1717,        1,  6220800, 7b743ae41bbc7e0c65ddc36a95e321bb
0,       1718,       1718,        1,  6220800, 3344318388ef4df0de48e0ed35915419
0,       1719,       1719,        1,  6220800, 725edcb3a3826c26a61d8dbb54c7bc11
0,       1720,       1720,        1,  6220800, bb1bd058604d63ccb6aa0dd406ec2152
0,       1721,       1721,        1,  6220800, c47a4bc3293fa6b846414dd38a9771f8
0,       1722,       1722,        1,  6220800, 3eea6525820b72ee8e0adb99cb9adc89
0,       1723,       1723,        1,  6220800, f71f9ed2bc836ee605bbccc7f0b4de74
0,       1724,       1724,        1,  6220800, 9c366889193817ea7f0809374bc03694
0,       1725,       1725,        1,  6220800, a521fe236b81665fd5ff46bfa0b95a38
0,       1726,       1726,        1,  6220800, b1cc9437439a4cf32e693dedd3cb890c
0,       1727,       1727,        1,  6220800, e10ecc620c791facff209e9d7f6f0254
0,       1728,       1728,        1,  6220800, 0a9ebe906b50df69c8cb0e9b4ec3756b
0,       1729,       1729,        1,  6220800, f337cf801b133c145d01193d4ccae9da
0,       1730,       1730,        1,  6220800, 3f2cba53bb16c8a4d029a2ea94cebe1f
0,       1731,       1731,        1,  6220800, d0f3f4876290cd2bc7d00b2777db805e
0,       1732,       1732,        1,  6220800, c01353e3821011442f835ec6f314dcf2
0,       1733,       1733,        1,  6220800, dc7879e473d8659e95f5fd19e337ea9d
0,       1734,       1734,        1,  6220800, ee5fdfb942e5d5e53b918c625f31a6f4
0,       1735,       1735,        1,  6220800, b80786ea3abcfed2356ab011c191b787
0,       1736,       1736,        1,  6220800, 36c6674115c73426744b89b15c533b98
0,       1737,       1737,        1,  6220800, fb278221421c7cc0704ccf3a5824f828
0,       1738,       1738,        1,  6220800, e38cf4ff3d3d14d8df8cbd35a930adab
0,       1739,       1739,        1,  6220800, b0d5342ca38c75fcf1f09f8c30d1e4e8
0,       1740,       1740,        1,  6220800, 2007a7715acde67cafa66cec6c7cddfa
0,       1741,       1741,        1,  6220800, c4ecb3c223c529191f67218de54cfcb7
0,       1742,       1742,        1,  6220800, 52d57016b17c654cdc9382ff9fca07c0
0,       1743,       1743,        1,  6220800, 461a96abbd599ba605e97198bf4ebdc4
0,       1744,       1744,        1,  6220800, 02e939e38ff38bb45066543c7e32255d
0,       1745,       1745,        1,  6220800, fda122c4afb6f5d82a5777a7ed44fa17
0,       1746,       1746,        1,  6220800, 2167b9bce4d5676c0f877f1b01e2bf7a
0,       1747,       1747,        1,  6220800, 323056bc1e820aafe32c72b0da60b047
0,       1748,       1748,        1,  6220800, 2d7766c75163785fc33a475a3cf4c6c8
0,       1749,       1749,        1,  6220800, 9afa61915b2efad698350b150514f108
0,       1750,       1750,        1,  6220800, 07d9ab8d5ccf89b1893d25b068a0fc28
0,       1751,       1751,        1,  6220800, 4b2434aa3a7333ed0ed4de33058c4904
0,       1752,       1752,        1,  6220800, 9a2fea23fddddfd85f3267c7b7bd4e2a
0,       1753,       1753,        1,  6220800, 81624da9359c767854d5d034b85c5b1e
0,       1754,       1754,        1,  6220800, e780d45df62660bfccc5558fc372573e
0,       1755,       1755,        1,  6220800, 7be4f8a6152e4d29be4842e01799f0f8
0,       1756,       1756,        1,  6220800, 4c507b683f25677d9cc139ab8f245268
0,       1757,       1757,        1,  6220800, 1d65ca24b34160ed12d0579842158d70
0,       1758,       1758,        1,  6220800, 31d220f939462d33961f28419b95857a
0,       1759,       1759,        1,  6220800, f8650e7e34b0d066ec4c8bd6684a2500
0,       1760,       1760,        1,  6220800, 2d4aa2434477cb5d00aa393f11649891
0,       1761,       1761,        1,  6220800, 202fd0ba51e380b536f1502da6e150f5
0,       1762,       1762,        1,  6220800, 561294536ea83f5bf66b036c92f6ab5a
0,       1763,       1763,        1,  6220800, d1589d7784e3bfdb28a29dadbb3c684f
0,       1764,       1764,        1,  6220800, 51621747edc79ae5b586d6ff0a42e4d9
0,       1765,       1765,        1,  6220800, 56fa48184e4c213be4aad6eea91909e0
0,       1766,       1766,        1,  6220800, 46e915996d9ef60ddaff18edc1f4d38f
0,       1767,       1767,        1,  6220800, 8347a42f6f5b22c5f15caca0c9ca8113
0,       1768,       1768,        1,  6220800, 7cb83cb5478787b699b626372a6ef6d7
0,       1769,       1769,        1,  6220800, 3c532885a8f39f5d7ea251185cd57e5d
0,       1770,       1770,        1,  6220800, d96d39383f198d2cc0ee09921f87af3c
0,       1771,       1771,        1,  6220800, e94b8618eba209c624b7dc7b78e26b82
0,       1772,       1772,        1,  6220800, ed0453f8b0a8f3cc66f615e53ff3ee45
0,       1773,       1773,        1,  6220800, 6f10d7ac4e96efe3ba384b3c45628ba2
0,       1774,       1774,        1,  6220800, c6bfedbb7ed8f6a297759492fddfffdf
0,       1775,       1775,        1,  6220800, 844e0c472c3db6c396734d74f3d88c29
0,       1776,       1776,        1,  6220800, 942ebdac1297a6f888e924dead242b64
0,       1777,       1777,        1,  6220800, 1f8281848ad9f8b53f341d85a0710aef
0,       1778,       1778,        1,  6220800, 688306139ef79c05d514820b6db2ebd5
0,       1779,       1779,        1,  6220800, 596485b16993f029ed5fa41d5a5d5f3d
0,       1780,       1780,        1,  6220800, e356346b253f14290c6310631dc4ca52
0,       1781,       1781,        1,  6220800, 9ddb39532cd80c21b057f8aa401b8561
0,       1782,       1782,        1,  6220800, 2323021fc6325dc2c8e1129fc240e873
0,       1783,       1783,        1,  6220800, adb1160f977267360973979a893cb8e9
0,       1784,       1784,        1,  6220800, b1b1dbeca5702724c3babc1a33d43229
0,       1785,       1785,        1,  6220800, 53202770145f5e54e32c7a339098b044
0,       1786,       1786,        1,  6220800, 204a0f3ef69648ee7afce96833111db6
0,       1787,       1787,        1,  6220800, bc05101196cf5f08e5eeb743338d0d70
0,       1788,       1788,        1,  6220800, db718b9024eecb712ed1356cf1c83ab3
0,       1789,       1789,        1,  6220800, 1ae7ef110027c537e003563ceabef75a
0,       1790,       1790,        1,  6220800, dac76f2cde59e6d46fcb1a3e6f7bb4a0
0,       1791,       1791,        1,  6220800, 027193b303e3719f428f49d9dfe1a0c3
0,       1792,       1792,        1,  6220800, 40824ced6b02bd4a9a51eb320c9f1252
0,       1793,       1793,        1,  6220800, bd9c84c2b811d3a38eec60291f8aff3e
0,       1794,       1794,        1,  6220800, 0bd12d72449f7cb6989d0ea423d7bca3
0,       1795,       1795,        1,  6220800, 2e14c5459fc2c4f36fb2f4f4cdcf6912
0,       1796,       1796,        1,  6220800, 8a5bac368a188eef1f1286ce5680c189
0,       1797,       1797,        1,  6220800, 8297c68e3566baf8d94ca811b76945ff
0,       1798,       1798,        1,  6220800, a2e422c99c247e706143aa0ff392e59e
0,       1799,       1799,        1,  6220800, 78433746197f81dde6c2a8a5d081bf48
0,       1800,       1800,        1,  6220800, aee23dc1325b8c13b251ddc5a0f580e2
0,       1801,       1801,        1,  6220800, bd4aa5c37ad6738e5fbc49fb3db69169
0,       1802,       1802,        1,  6220800, 49d781544432fa8fc8b53af69e6052d4
0,       1803,       1803,        1,  6220800, d40f85f0b46f2645021caf7bec07cb29
0,       1804,       1804,        1,  6220800, d77f8f32c0ae70747b02cf333f54b591
0,       1805,       1805,        1,  6220800, b66a2443d0e8c5cdc991e247000ae60d
0,       1806,       1806,        1,  6220800, eb47e9831bd327a175e5f8573bc12319
0,       1807,       1807,        1,  6220800, 1832098e6f4c973a3f442c66b62d40d1
0,       1808,       1808,        1,  6220800, 7d951b0f942849f844aaed8370108386
0,       1809,       1809,        1,  6220800, 4b9a87e717e6c2e407dce0642c05df42
0,       1810,       1810,        1,  6220800, 7078d4277e2089ef76566ff37309067e
0,       1811,       1811,        1,  6220800, a888f8278a0537d46a63c9d739b8274e
0,       1812,       1812,        1,  6220800, e40dabeb4648f0d2ac15e136886dd77c
0,       1813,       1813,        1,  6220800, 0f57504c1f5fd9a712f9c90e2aee9206
0,       1814,       1814,        1,  6220800, 15368a9ea85dc806b211726cf68831dc
0,       1815,       1815,        1,  6220800, 4fcb90ef07bddb1b3a93aed383975e17
0,       1816,       1816,        1,  6220800, 2b7329baf097ef840d6853dae4caecd5
0,       1817,       1817,        1,  6220800, 39625d7cf528fc9b5bb8d43881e96284
0,       1818,       1818,        1,  6220800, 0f33eafd346562d56f9515998667a34d
0,       1819,       1819,        1,  6220800, cbc683dabca6be1579900825ea4a2265
0,       1820,       1820,        1,  6220800, b92adbcc60370bf2cbbadb13a2a7dd01
0,       1821,       1821,        1,  6220800, b430192864a7c90a0ae0d5f4459d0a2c
0,       1822,       1822,        1,  6220800, be3cac57c2f6f126ce63038510f82bb8
0,       1823,       1823,        1,  6220800, 08df4365015ab8a58f05319940057337
0,       1824,       1824,        1,  6220800, b9ca6694428bc40a0cdd68376a5853fa
0,       1825,       1825,        1,  6220800, ce3579a182a250c85d0721d413d9122d
0,       1826,       1826,        1,  6220800, 70b970ef91f72dd3a42ae1507b86f6d8
0,       1827,       1827,        1,  6220800, 055e854909fdd5bdf498e031a5df0855
0,       1828,       1828,        1,  6220800, 48c171ba3f0192d644f2bb8b99ab8a68
0,       1829,       1829,        1,  6220800, cf8ae42d13a852c680c0fe2736b14aad
0,       1830,       1830,        1,  6220800, 33e955682ab31cd77305d966101f5b7e
0,       1831,       1831,        1,  6220800, ab098a319fe8416b8758ef6f7c71eb1d
0,       1832,       1832,        1,  6220800, 6247d162b0963201472fcc0246bc50a0
0,       1833,       1833,        1,  6220800, a091d635bc5cf08f0c650e08c976303d
0,       1834,       1834,        1,  6220800, 9200b2d44acc3d57ec43a16994777d1b
0,       1835,       1835,        1,  6220800, 13874bc0dec7584e93d5808eeb9daedd
0,       1836,       1836,        1,  6220800, 824facf6ff762901cd1b9cb563f69d9b
0,       1837,       1837,        1,  6220800, 346f0bae092b6551bb6a714527ab3761
0,       1838,       1838,        1,  6220800, 98b7b1c35a9eeeca9bd31f4e07efb2cd
0,       1839,       1839,        1,  6220800, 1aa7399bacc6aac535880e8920f48674
0,       1840,       1840,        1,  6220800, d0638fc7c311278e99ee02013bf8ba85
0,       1841,       1841,        1,  6220800, 99bb0283622d656787af0cf923d0f9d0
0,       1842,       1842,        1,  6220800, d4e7db8dd08ca3deaed0b1aaacd01038
0,       1843,       1843,        1,  6220800, 6d134f4a23d3356d788255a6124086ba
0,       1844,       1844,        1,  6220800, d91cb4d123b78d10b69a37916b082d74
0,       1845,       1845,        1,  6220800, 8a83cd6e2011892bb8306d5a684fdc1b
0,       1846,       1846,        1,  6220800, 8dc351ea8bec01e46e8c977d432dc86f
0,       1847,       1847,        1,  6220800, 0d1e9e0ea9195eb4744f8d3ed7011de6
0,       1848,       1848,        1,  6220800, eadf5a26544c1473410231955f80a6e0
0,       1849,       1849,        1,  6220800, 36efb1d64014891cebaaa07fb8daeb13
0,       1850,       1850,        1,  6220800, f6085c6a493a1bfa9eb219a23b32d88d
0,       1851,       1851,        1,  6220800, 8661b0ed097ae88c98a657d041dfc9ae
0,       1852,       1852,        1,  6220800, 9a8338735b4aa7dbfe4be9f1b3193894
0,       1853,       1853,        1,  6220800, 38c24a7c9f495bbd28b65ccfca2d2328
0,       1854,       1854,        1,  6220800, b579fb0e37cc5683c16f3b060ad66143
0,       1855,       1855,        1,  6220800, 244931966bef0a43cb05421e03e11c0e
0,       1856,       1856,        1,  6220800, 3c43f672552a8bf10f84a2e60a49d567
0,       1857,       1857,        1,  6220800, 73bdd18c70214a8bd17aa954ab4c0887
0,       1858,       1858,        1,  6220800, 86ffa3d143d983004bb5f2887c7412fc
0,       1859,       1859,        1,  6220800, 4deecc895fe5970a04b81666eba14364
0,       1860,       1860,        1,  6220800, 82048e3c1e6b70135dedb476d8dd975a
0,       1861,       1861,        1,  6220800, d860656e9568ddd448ebbab8ea9ce634
0,       1862,       1862,        1,  6220800, 183cdc19e28a361a097ad54a3141608a
0,       1863,       1863,        1,  6220800, ffb47ba0c71dd5640dc626e30180d5a6
0,       1864,       1864,        1,  6220800, dab8727994c134a4c9da8e84d8064d89
0,       1865,       1865,        1,  6220800, 43ef4a16b7d92c3944d7b0fe00cc8fbc
0,       1866,       1866,        1,  6220800, 9f06ffa1706ef9e878d933d4d20b3e0c
0,       1867,       1867,        1,  6220800, a982fe67dc9f9d76918bc4ccbea83e32
0,       1868,       1868,        1,  6220800, 3488fecca23899a299a92e6180a1a787
0,       1869,       1869,        1,  6220800, c90428378199626d85e0f5854954f383
0,       1870,       1870,        1,  6220800, 0aecdfa7dabdeb9c499c6e49e6e6c288
0,       1871,       1871,        1,  6220800, bc0cef79d2f493ea6e85742b643f64d5
0,       1872,       1872,        1,  6220800, 500abb76a699bbdb6a4d41d2a6a8025b
0,       1873,       1873,        1,  6220800, d47cb2a59b0909b71e00800470a52921
0,       1874,       1874,        1,  6220800, 9d418e19524578bcb76498e82e1d1bd2
0,       1875,       1875,        1,  6220800, 5d083ef495fcc107db556aacd233341c
0,       1876,       1876,        1,  6220800, 681291f7229a45cb60f5d6a2e9d60563
0,       1877,       1877,        1,  6220800, 3943e7aaccc5fa18b6b97f91255a4866
0,       1878,       1878,        1,  6220800, cacb192c7b1a8977d8f0b49e8682200c
0,       1879,       1879,        1,  6220800, eaf3e46ec5d7938a081be3bc43554ff0
0,       1880,       1880,        1,  6220800, df46aae490817552ac8add9a309f00fc
0,       1881,       1881,        1,  6220800, 21ca20d3ec9a2e378dc789843c5d785e
0,       1882,       1882,        1,  6220800, 96a093fe80362258cef7d66e8236d8c3
0,       1883,       1883,        1,  6220800, 17bf13fada3119480a9ac371289ac2f3
0,       1884,       1884,        1,  6220800, e0d6bb54c74211d7cb3cf3eed2233091
0,       1885,       1885,        1,  6220800, 6358dff0bcf57a581fbc6aceedfca6e5
0,       1886,       1886,        1,  6220800, a92698d96689b8d33dce09765bb8d176
0,       1887,       1887,        1,  6220800, 4e1f33ceb93eec346fcfa2cbdd28d70d
0,       1888,       1888,        1,  6220800, 352a08a49f6f2138f6eb56613281c343
0,       1889,       1889,        1,  6220800, d8e58b30f9ec57d3bcf543afe3e21af3
0,       1890,       1890,        1,  6220800, baf9d45892f12020457e69e575203a69
0,       1891,       1891,        1,  6220800, 66babd6489046b4d6e3abf06205c64fe
0,       1892,       1892,        1,  6220800, 629d6c81b48c1d33ca41e930a1edbe7b
0,       1893,       1893,        1,  6220800, e0ebdb179caf0391696cbbc62e9e4bbc
0,       1894,       1894,        1,  6220800, ccdf6ca9e60d53deb03a40d8adf3bb9e
0,       1895,       1895,        1,  6220800, 7ef928b26775017fd19c793030ac3e8f
0,       1896,       1896,        1,  6220800, 7afb7df3770423196ff7957779dc9ff9
0,       1897,       1897,        1,  6220800, 7d7fe3be4221d1e963696eff68272d87
0,       1898,       1898,        1,  6220800, 62ff3eb05daa0b57ddca860b1f5b73ed
0,       1899,       1899,        1,  6220800, bf3286047762af8bc07183c4532182e0
0,       1900,       1900,        1,  6220800, 4b6c5a76b6b00b5274b903269975da09
0,       1901,       1901,        1,  6220800, da5c4fb00cf65cebe1f5eda19116ca48
0,       1902,       1902,        1,  6220800, d6ce1370c17bb924bf5260359d963f25
0,       1903,       1903,        1,  6220800, 9d0d86b7e28e61d4bf1476b57ed3f69f
0,       1904,       1904,        1,  6220800, fcc2397395cfdbf99d7b93449f9f7054
0,       1905,       1905,        1,  6220800, 4717f1e10acbeb74bc2d571b47d7ec04
0,       1906,       1906,        1,  6220800, cf7b41abf9fd8424b6449f6654ac319a
0,       1907,       1907,        1,  6220800, 2da2fc06fad917603453bfd641cabd96
0,       1908,       1908,        1,  6220800, 43b5f6794fd0d30e6f35cf8a45b23480
0,       1909,       1909,        1,  6220800, 4a86aa3b6a62b11ed5d1be989548c13b
0,       1910,       1910,        1,  6220800, 6a255f0b182bb88b876c56fcfa431eaf
0,       1911,       1911,        1,  6220800, f30979761dac48f407ce8eab6f23f557
0,       1912,       1912,        1,  6220800, 37169cf4f6e159e573a5d992dc757d63
0,       1913,       1913,        1,  6220800, cb189677b9f5a55b5b7bd0bd48c6e47c
0,       1914,       1914,        1,  6220800, c8208fa1940e6102b3e6beec081ad1c0
0,       1915,       1915,        1,  6220800, 77363e4af81558887d47381ee6d3ea13
0,       1916,       1916,        1,  6220800, 9a2516ae8b4ea863a219fbd2881c41ba
0,       1917,       1917,        1,  6220800, 632474d8b22dcb0c8206b42c1d446c54
0,       1918,       1918,        1,  6220800, ebf25103a48edb4532f3b37c93c2ee13
0,       1919,       1919,        1,  6220800, e1f6a78986cb2af16813f3a378182fde
